peak_g_mag,std_g_mag,peak_hp8_vertical,peak_jerk_mag,max_elevated_dur,is_event,impact_timestamp_iso8601,impact_elapsed_sec,impact_source_sample_idx,source_folder,athlete_name
5.9299,1.0447286285644035,3.038564762965926,338.2844077133913,0.021,False,2026-06-25T20:01:14.530Z,568.761,52,movement data/movement-18751D3E-97C3-4174-AA3A-F1445FEA7D7E,Jeffery Brown
7.93886,1.358018174027662,4.104581893397517,367792.7022114499,0.02,False,2026-06-25T20:01:15.147Z,569.379,114,movement data/movement-18751D3E-97C3-4174-AA3A-F1445FEA7D7E,Jeffery Brown
13.51083,2.614816037227987,8.976450712464215,7104550.383894819,0.05,True,2026-06-25T20:01:18.276Z,572.508,428,movement data/movement-18751D3E-97C3-4174-AA3A-F1445FEA7D7E,Jeffery Brown
6.74722,1.3590983478924037,2.2717980029461318,325.4700536239855,0.01,False,2026-06-25T20:01:19.372Z,573.603,538,movement data/movement-18751D3E-97C3-4174-AA3A-F1445FEA7D7E,Jeffery Brown
16.53241,1.9948188900994752,2.9989457747979578,1208.3899297168111,0.04,True,2026-06-25T20:01:21.614Z,575.845,763,movement data/movement-18751D3E-97C3-4174-AA3A-F1445FEA7D7E,Jeffery Brown
14.02778,2.2277808090618336,9.927864438430182,1081.7133643350255,0.03,False,2026-06-25T20:01:23.228Z,577.46,925,movement data/movement-18751D3E-97C3-4174-AA3A-F1445FEA7D7E,Jeffery Brown
29.23487,4.045191398685255,8.68146906322891,1833.400892257064,0.149,True,2026-06-25T20:01:26.118Z,580.349,1215,movement data/movement-18751D3E-97C3-4174-AA3A-F1445FEA7D7E,Jeffery Brown
5.95929,1.2141862214977528,3.2684880869134894,368.0530713062995,0.01,False,2026-06-25T20:01:27.981Z,582.212,1402,movement data/movement-18751D3E-97C3-4174-AA3A-F1445FEA7D7E,Jeffery Brown
5.91952,1.1692050988350424,3.155274700059589,372785.6996989021,0.06,False,2026-06-25T20:14:53.482Z,1387.713,1555,movement data/movement-18751D3E-97C3-4174-AA3A-F1445FEA7D7E,Jeffery Brown
5.91952,1.1026463387728669,3.155274700059589,372785.6996989021,0.06,False,2026-06-25T20:14:53.960Z,1388.192,1603,movement data/movement-18751D3E-97C3-4174-AA3A-F1445FEA7D7E,Jeffery Brown
10.9237,1.9186567830599977,8.060828827016316,825.7459320263104,0.029,True,2026-06-25T20:14:56.829Z,1391.061,1891,movement data/movement-18751D3E-97C3-4174-AA3A-F1445FEA7D7E,Jeffery Brown
6.10517,1.2093073137415453,2.2007056788504267,346.7404803092999,0.01,False,2026-06-25T20:14:58.045Z,1392.276,2013,movement data/movement-18751D3E-97C3-4174-AA3A-F1445FEA7D7E,Jeffery Brown
8.89674,1.5194913768503704,4.52265249241429,545.1973720182036,0.08,True,2026-06-25T20:15:00.216Z,1394.448,2231,movement data/movement-18751D3E-97C3-4174-AA3A-F1445FEA7D7E,Jeffery Brown
8.89674,1.5848442833070915,4.52265249241429,545.1973720182036,0.08,True,2026-06-25T20:15:00.545Z,1394.777,2264,movement data/movement-18751D3E-97C3-4174-AA3A-F1445FEA7D7E,Jeffery Brown
5.84838,1.2078840257291934,3.25760005068099,345.4123197050157,0.01,False,2026-06-25T20:15:01.681Z,1395.912,2378,movement data/movement-18751D3E-97C3-4174-AA3A-F1445FEA7D7E,Jeffery Brown
5.15663,1.102236304079552,2.633917273225328,229.6303449851522,0.02,False,2026-06-25T20:15:02.328Z,1396.56,2443,movement data/movement-18751D3E-97C3-4174-AA3A-F1445FEA7D7E,Jeffery Brown
5.9173,1.0750885066908455,3.1048495027718914,401.8757858605069,0.04,False,2026-06-25T20:15:04.261Z,1398.492,2637,movement data/movement-18751D3E-97C3-4174-AA3A-F1445FEA7D7E,Jeffery Brown
12.20141,1.803583625796664,7.400291679972293,949.5271626186463,0.03,True,2026-06-25T20:15:05.008Z,1399.239,2712,movement data/movement-18751D3E-97C3-4174-AA3A-F1445FEA7D7E,Jeffery Brown
8.5086,1.5698295378316314,4.485847974359939,2172604.937626719,0.02,False,2026-06-25T20:15:05.945Z,1400.176,2806,movement data/movement-18751D3E-97C3-4174-AA3A-F1445FEA7D7E,Jeffery Brown
5.04327,0.9146067538005671,2.257191118702899,254.22095518859177,0.031,False,2026-06-25T20:31:33.347Z,2387.579,2955,movement data/movement-18751D3E-97C3-4174-AA3A-F1445FEA7D7E,Jeffery Brown
5.04327,0.9096048732708827,2.396852725866003,254.22095518859177,0.031,False,2026-06-25T20:31:33.836Z,2388.067,3004,movement data/movement-18751D3E-97C3-4174-AA3A-F1445FEA7D7E,Jeffery Brown
5.48209,0.9533017745569686,2.3358883662273344,380.9553319025737,0.03,False,2026-06-25T20:31:35.778Z,2390.009,3199,movement data/movement-18751D3E-97C3-4174-AA3A-F1445FEA7D7E,Jeffery Brown
13.53977,2.2067701431683338,4.511041651822175,872.8678908769643,0.05,True,2026-06-25T20:31:36.725Z,2390.956,3294,movement data/movement-18751D3E-97C3-4174-AA3A-F1445FEA7D7E,Jeffery Brown
7.47347,1.5938780152343672,2.742823387066476,730.9146544877863,0.031,False,2026-06-25T20:31:37.711Z,2391.942,3393,movement data/movement-18751D3E-97C3-4174-AA3A-F1445FEA7D7E,Jeffery Brown
12.5036,1.7961144395888875,5.876761858947693,1555.80282172292,0.04,True,2026-06-25T20:31:40.082Z,2394.313,3631,movement data/movement-18751D3E-97C3-4174-AA3A-F1445FEA7D7E,Jeffery Brown
4.27328,0.9804374836702762,1.879653774512424,220.9766268771428,0.02,False,2026-06-25T20:31:40.779Z,2395.01,3701,movement data/movement-18751D3E-97C3-4174-AA3A-F1445FEA7D7E,Jeffery Brown
5.34132,1.1607988890805134,2.224325767368319,293.5499581757763,0.02,False,2026-06-25T20:31:41.088Z,2395.319,3732,movement data/movement-18751D3E-97C3-4174-AA3A-F1445FEA7D7E,Jeffery Brown
6.50537,1.2379760501274844,2.8916766218715915,293.5499581757763,0.021,False,2026-06-25T20:31:41.556Z,2395.788,3779,movement data/movement-18751D3E-97C3-4174-AA3A-F1445FEA7D7E,Jeffery Brown
6.88471,1.2030884343024404,3.488129315366302,377.5934040605053,0.021,False,2026-06-25T20:31:42.134Z,2396.365,3837,movement data/movement-18751D3E-97C3-4174-AA3A-F1445FEA7D7E,Jeffery Brown
4.08947,0.7858607258937285,1.583437253964218,241.08160338773257,0.03,False,2026-06-25T20:31:43.947Z,2398.178,4019,movement data/movement-18751D3E-97C3-4174-AA3A-F1445FEA7D7E,Jeffery Brown
17.43887,2.6337420035091066,12.175341145247772,1517.79658726919,0.04,True,2026-06-25T20:31:44.664Z,2398.895,4091,movement data/movement-18751D3E-97C3-4174-AA3A-F1445FEA7D7E,Jeffery Brown
5.54082,1.0390844862643402,2.265850031291397,511.2775879007247,0.02,False,2026-06-24T18:27:32.715Z,2419.682,154,movement data/movement-2F266230-0215-48E3-BA1D-C8468FFCC3D0,Cael McCarthy
7.69721,1.361014759332714,3.743057879639841,430.1305170456986,0.025,False,2026-06-24T18:27:33.461Z,2420.428,229,movement data/movement-2F266230-0215-48E3-BA1D-C8468FFCC3D0,Cael McCarthy
4.30662,0.7895448737096507,1.731033539086973,278.23929866573485,0.0,False,2026-06-24T18:27:34.098Z,2421.065,293,movement data/movement-2F266230-0215-48E3-BA1D-C8468FFCC3D0,Cael McCarthy
8.1595,1.4556001305259723,3.201523208640059,703.12415747843,0.059,True,2026-06-24T18:27:35.949Z,2422.916,479,movement data/movement-2F266230-0215-48E3-BA1D-C8468FFCC3D0,Cael McCarthy
5.34474,1.0768263507630942,1.7838466948606213,375.20515575348907,0.038,False,2026-06-24T18:27:36.595Z,2423.562,544,movement data/movement-2F266230-0215-48E3-BA1D-C8468FFCC3D0,Cael McCarthy
6.35688,1.1407387745189737,3.640942615435797,391.7634215181976,0.02,False,2026-06-24T18:27:37.461Z,2424.428,631,movement data/movement-2F266230-0215-48E3-BA1D-C8468FFCC3D0,Cael McCarthy
13.55335,2.3057647037127675,3.960136151458873,1461.7216004718546,0.1,True,2026-06-24T18:27:40.148Z,2427.115,901,movement data/movement-2F266230-0215-48E3-BA1D-C8468FFCC3D0,Cael McCarthy
7.19846,1.4372910482644732,2.7885879744210644,15160.280340415917,0.021,False,2026-06-24T18:27:41.641Z,2428.608,1051,movement data/movement-2F266230-0215-48E3-BA1D-C8468FFCC3D0,Cael McCarthy
14.76993,2.2885034282225876,2.0886472075437723,1236.2089168930954,0.079,True,2026-06-24T18:27:44.109Z,2431.076,1299,movement data/movement-2F266230-0215-48E3-BA1D-C8468FFCC3D0,Cael McCarthy
5.34441,1.0101660781263977,2.4640370611888103,300.4118129651362,0.02,False,2026-06-24T18:27:45.417Z,2432.384,1431,movement data/movement-2F266230-0215-48E3-BA1D-C8468FFCC3D0,Cael McCarthy
7.9963,1.5717862686469144,3.7266767218329977,598.0367387962046,0.029,False,2026-06-24T18:42:49.982Z,3336.949,1650,movement data/movement-2F266230-0215-48E3-BA1D-C8468FFCC3D0,Cael McCarthy
25.09862,3.1052853192885244,12.79208981720494,2154.40285042663,0.069,True,2026-06-24T18:42:52.341Z,3339.308,1887,movement data/movement-2F266230-0215-48E3-BA1D-C8468FFCC3D0,Cael McCarthy
5.77745,1.2936942246024685,1.6711044895344305,581335.967750147,0.017,False,2026-06-24T18:42:54.520Z,3341.487,2106,movement data/movement-2F266230-0215-48E3-BA1D-C8468FFCC3D0,Cael McCarthy
18.11513,2.3045029357552775,4.184233339942067,8761436.975627914,0.099,True,2026-06-24T18:42:56.411Z,3343.378,2296,movement data/movement-2F266230-0215-48E3-BA1D-C8468FFCC3D0,Cael McCarthy
9.77104,1.5794750431832698,4.4256513721840935,693.3412896503423,0.03,True,2026-06-24T18:42:58.013Z,3344.98,2457,movement data/movement-2F266230-0215-48E3-BA1D-C8468FFCC3D0,Cael McCarthy
9.38312,1.4842623229986425,2.5981369400029144,734.2065683593412,0.07,False,2026-06-24T18:43:00.471Z,3347.438,2704,movement data/movement-2F266230-0215-48E3-BA1D-C8468FFCC3D0,Cael McCarthy
4.83517,0.9697063060921443,1.9626121071944176,327.8839676852163,0.07,False,2026-06-24T18:43:01.207Z,3348.174,2778,movement data/movement-2F266230-0215-48E3-BA1D-C8468FFCC3D0,Cael McCarthy
5.7967,1.0221170308960923,1.4485450554451935,543.7388757639093,0.01,False,2026-06-24T18:43:02.113Z,3349.08,2869,movement data/movement-2F266230-0215-48E3-BA1D-C8468FFCC3D0,Cael McCarthy
6.37037,1.0304433897433196,1.9412311438693932,496.8256069215837,0.016,False,2026-06-24T18:56:40.885Z,4167.852,2973,movement data/movement-2F266230-0215-48E3-BA1D-C8468FFCC3D0,Cael McCarthy
6.80131,1.3712937116310635,2.585919196611992,442.51575021348106,0.039,False,2026-06-24T18:56:41.955Z,4168.922,3081,movement data/movement-2F266230-0215-48E3-BA1D-C8468FFCC3D0,Cael McCarthy
20.73097,3.2328345545312014,17.907117312856787,3156.41383919461,0.07,True,2026-06-24T18:56:44.398Z,4171.365,3326,movement data/movement-2F266230-0215-48E3-BA1D-C8468FFCC3D0,Cael McCarthy
6.54976,1.2064543577180988,2.309289846594445,731.6108589447849,0.04,False,2026-06-24T18:56:45.084Z,4172.051,3395,movement data/movement-2F266230-0215-48E3-BA1D-C8468FFCC3D0,Cael McCarthy
8.43913,1.62563977334625,2.2958704129927376,807.6657537799903,0.007,True,2026-06-24T18:56:45.999Z,4172.966,3487,movement data/movement-2F266230-0215-48E3-BA1D-C8468FFCC3D0,Cael McCarthy
7.24198,1.5223670037520487,2.187312247565844,778.4414445165418,0.08,False,2026-06-24T18:56:48.487Z,4175.454,3737,movement data/movement-2F266230-0215-48E3-BA1D-C8468FFCC3D0,Cael McCarthy
7.90069,1.5161152448788044,3.0504325399767063,358.52340016378287,0.04,False,2026-06-24T18:56:49.930Z,4176.897,3882,movement data/movement-2F266230-0215-48E3-BA1D-C8468FFCC3D0,Cael McCarthy
11.5052,1.9857817914110911,5.947970572589359,1293.19930224033,0.06,False,2026-06-24T19:10:21.688Z,4988.655,3965,movement data/movement-2F266230-0215-48E3-BA1D-C8468FFCC3D0,Cael McCarthy
8.57188,1.9533555869237476,2.973369312832199,382.61848305913327,0.038,False,2026-06-24T19:10:23.279Z,4990.247,4125,movement data/movement-2F266230-0215-48E3-BA1D-C8468FFCC3D0,Cael McCarthy
24.59128,3.1054581065960987,8.792607517398261,1780.4636592261577,0.03,True,2026-06-24T19:10:25.817Z,4992.784,4380,movement data/movement-2F266230-0215-48E3-BA1D-C8468FFCC3D0,Cael McCarthy
7.69732,1.3269660375332866,3.4088862181183863,463.6141800084832,0.02,False,2026-06-24T19:10:26.424Z,4993.391,4441,movement data/movement-2F266230-0215-48E3-BA1D-C8468FFCC3D0,Cael McCarthy
7.81676,1.374080193485615,3.287570916484434,762.4913913575971,0.037,False,2026-06-24T19:19:54.463Z,5561.43,4564,movement data/movement-2F266230-0215-48E3-BA1D-C8468FFCC3D0,Cael McCarthy
7.80949,1.15939321986371,3.287570916484434,762.4913913575971,0.01,False,2026-06-24T19:19:54.971Z,5561.938,4615,movement data/movement-2F266230-0215-48E3-BA1D-C8468FFCC3D0,Cael McCarthy
5.23886,1.1116802764997293,2.4159990406146603,438.51124324082167,0.011,False,2026-06-24T19:19:55.618Z,5562.585,4680,movement data/movement-2F266230-0215-48E3-BA1D-C8468FFCC3D0,Cael McCarthy
6.32879,1.335736289228121,2.4159990406146603,447.2680203423755,0.059,False,2026-06-24T19:19:56.214Z,5563.181,4740,movement data/movement-2F266230-0215-48E3-BA1D-C8468FFCC3D0,Cael McCarthy
5.00649,0.9283749392926192,2.628251693536157,349.5430838645142,0.017,False,2026-06-24T19:19:56.862Z,5563.829,4805,movement data/movement-2F266230-0215-48E3-BA1D-C8468FFCC3D0,Cael McCarthy
9.82232,1.9464419525629295,2.692818306848364,802.2657976867766,0.07,True,2026-06-24T19:19:58.463Z,5565.43,4966,movement data/movement-2F266230-0215-48E3-BA1D-C8468FFCC3D0,Cael McCarthy
8.47781,1.4545022457564492,3.241594749159185,509.2051142683074,0.088,True,2026-06-24T19:20:02.800Z,5569.767,5402,movement data/movement-2F266230-0215-48E3-BA1D-C8468FFCC3D0,Cael McCarthy
4.64271,0.957109616456012,1.547357542097798,319.1729329517151,0.088,False,2026-06-24T19:20:03.350Z,5570.317,5457,movement data/movement-2F266230-0215-48E3-BA1D-C8468FFCC3D0,Cael McCarthy
9.00037,2.0096986511501105,3.0925790809894056,1664149.02103147,0.06,False,2026-06-24T19:20:04.325Z,5571.292,5554,movement data/movement-2F266230-0215-48E3-BA1D-C8468FFCC3D0,Cael McCarthy
6.82064,1.3812386295648906,0.9850392956421626,235.14032780023084,0.11,False,2026-06-24T19:20:05.330Z,5572.297,5656,movement data/movement-2F266230-0215-48E3-BA1D-C8468FFCC3D0,Cael McCarthy
15.18215,2.414061423018298,6.005789844178714,913.3874233396252,0.04,True,2026-06-24T19:20:06.773Z,5573.74,5801,movement data/movement-2F266230-0215-48E3-BA1D-C8468FFCC3D0,Cael McCarthy
4.92336,1.2042774968054952,2.2145754461131446,432.40054725797927,0.019,False,2026-06-24T19:20:07.878Z,5574.845,5912,movement data/movement-2F266230-0215-48E3-BA1D-C8468FFCC3D0,Cael McCarthy
9.7271,1.3042811346910843,2.896909392006051,674.5253520370754,0.03,False,2026-06-24T19:29:45.390Z,6152.357,5964,movement data/movement-2F266230-0215-48E3-BA1D-C8468FFCC3D0,Cael McCarthy
7.51755,1.3692072487349012,2.7790644396088853,661.9151623591954,0.02,False,2026-06-24T19:29:47.112Z,6154.079,6137,movement data/movement-2F266230-0215-48E3-BA1D-C8468FFCC3D0,Cael McCarthy
8.09824,1.2666690804841783,1.9663651876018056,427.691675287233,0.079,True,2026-06-24T19:29:49.282Z,6156.249,6355,movement data/movement-2F266230-0215-48E3-BA1D-C8468FFCC3D0,Cael McCarthy
5.40855,1.1301690125555524,2.676293419892866,405.2918316090271,0.03,False,2026-06-24T19:29:50.147Z,6157.114,6442,movement data/movement-2F266230-0215-48E3-BA1D-C8468FFCC3D0,Cael McCarthy
15.23239,1.7448685378670046,3.8928129330833374,1353.931105537948,0.051,True,2026-06-24T19:29:53.532Z,6160.499,6782,movement data/movement-2F266230-0215-48E3-BA1D-C8468FFCC3D0,Cael McCarthy
5.36772,0.8667763148579982,1.7619662404558991,539.2663654948266,0.02,False,2026-06-24T19:29:54.337Z,6161.304,6863,movement data/movement-2F266230-0215-48E3-BA1D-C8468FFCC3D0,Cael McCarthy
6.29769,1.3416448684475943,1.8812514228904165,305.48777283714645,0.035,False,2026-06-24T19:29:55.303Z,6162.27,6960,movement data/movement-2F266230-0215-48E3-BA1D-C8468FFCC3D0,Cael McCarthy
13.90669,2.218826419665313,7.918948712426663,77042.04306740563,0.065,True,2026-06-24T19:29:57.582Z,6164.549,7189,movement data/movement-2F266230-0215-48E3-BA1D-C8468FFCC3D0,Cael McCarthy
5.83677,1.2079284657950067,2.239936050499645,513.4892296407005,0.03,False,2026-06-24T19:29:58.577Z,6165.544,7289,movement data/movement-2F266230-0215-48E3-BA1D-C8468FFCC3D0,Cael McCarthy
11.27128,1.3759291384510153,3.247388198345696,1112.0015564759608,0.04,False,2026-06-24T19:41:29.066Z,6856.033,7376,movement data/movement-2F266230-0215-48E3-BA1D-C8468FFCC3D0,Cael McCarthy
4.91739,1.0478059539255358,2.240859796400808,468.2056100807754,0.02,False,2026-06-24T19:41:29.902Z,6856.869,7460,movement data/movement-2F266230-0215-48E3-BA1D-C8468FFCC3D0,Cael McCarthy
12.22127,1.7847497522381226,7.012360148117286,2090.0007021624438,0.04,True,2026-06-24T19:41:30.769Z,6857.736,7547,movement data/movement-2F266230-0215-48E3-BA1D-C8468FFCC3D0,Cael McCarthy
4.40622,0.9952096389683358,1.8869782973295512,304.2686289876102,0.0,False,2026-06-24T19:41:31.604Z,6858.571,7631,movement data/movement-2F266230-0215-48E3-BA1D-C8468FFCC3D0,Cael McCarthy
6.69775,1.1539801856291867,1.0323311070329175,527594.7719604506,0.021,False,2026-06-24T19:41:32.962Z,6859.929,7768,movement data/movement-2F266230-0215-48E3-BA1D-C8468FFCC3D0,Cael McCarthy
6.69775,1.152535003252851,1.6650172625004234,527594.7719604506,0.03,False,2026-06-24T19:41:33.421Z,6860.388,7814,movement data/movement-2F266230-0215-48E3-BA1D-C8468FFCC3D0,Cael McCarthy
5.19933,1.0901176797022267,1.7298205718643764,527594.7719604506,0.03,False,2026-06-24T19:41:33.747Z,6860.714,7847,movement data/movement-2F266230-0215-48E3-BA1D-C8468FFCC3D0,Cael McCarthy
5.06884,1.1101635790134534,1.771018462738798,259.40290549692565,0.031,False,2026-06-24T19:41:34.673Z,6861.64,7940,movement data/movement-2F266230-0215-48E3-BA1D-C8468FFCC3D0,Cael McCarthy
12.46272,1.9536832729518774,3.3684992844249417,1125.5013363359458,0.085,True,2026-06-24T19:41:37.247Z,6864.214,8198,movement data/movement-2F266230-0215-48E3-BA1D-C8468FFCC3D0,Cael McCarthy
9.47845,1.8519133109925598,3.456650573389019,535.3980441296469,0.05,False,2026-06-24T19:41:38.950Z,6865.917,8369,movement data/movement-2F266230-0215-48E3-BA1D-C8468FFCC3D0,Cael McCarthy
20.01608,2.709095984837224,7.712825782838784,1694.6604943692998,0.07,True,2026-06-24T19:41:41.288Z,6868.255,8604,movement data/movement-2F266230-0215-48E3-BA1D-C8468FFCC3D0,Cael McCarthy
5.53281,1.0667885163944768,2.919424228288519,571.5975422952761,0.038,False,2026-06-24T19:41:41.945Z,6868.912,8670,movement data/movement-2F266230-0215-48E3-BA1D-C8468FFCC3D0,Cael McCarthy
5.53281,1.1930665735055475,2.919424228288519,571.5975422952761,0.038,False,2026-06-24T19:41:42.363Z,6869.33,8712,movement data/movement-2F266230-0215-48E3-BA1D-C8468FFCC3D0,Cael McCarthy
6.29313,1.2407568924943984,1.511766219813906,781.046615258014,0.04,False,2026-06-24T20:51:30.160Z,11057.127,8815,movement data/movement-2F266230-0215-48E3-BA1D-C8468FFCC3D0,Cael McCarthy
10.16307,1.6594407203501478,4.289586219618298,1006.5323713629692,0.03,True,2026-06-24T20:51:30.966Z,11057.933,8896,movement data/movement-2F266230-0215-48E3-BA1D-C8468FFCC3D0,Cael McCarthy
6.94079,1.500397204717834,2.6053002350230883,720.16367580155,0.02,False,2026-06-24T20:51:31.613Z,11058.58,8961,movement data/movement-2F266230-0215-48E3-BA1D-C8468FFCC3D0,Cael McCarthy
8.36026,1.447443398157545,3.822750244019007,848.3366206046985,0.03,False,2026-06-24T20:51:33.882Z,11060.849,9189,movement data/movement-2F266230-0215-48E3-BA1D-C8468FFCC3D0,Cael McCarthy
7.93054,1.497347159692702,3.144640644575634,893.8091865331213,0.05,False,2026-06-24T20:51:35.206Z,11062.173,9322,movement data/movement-2F266230-0215-48E3-BA1D-C8468FFCC3D0,Cael McCarthy
7.93054,1.4883376515921067,3.144640644575634,893.8091865331213,0.019,False,2026-06-24T20:51:35.690Z,11062.657,9371,movement data/movement-2F266230-0215-48E3-BA1D-C8468FFCC3D0,Cael McCarthy
17.21729,2.5152451881790374,9.942975180506204,1774.8626545831653,0.099,True,2026-06-24T20:51:38.261Z,11065.228,9629,movement data/movement-2F266230-0215-48E3-BA1D-C8468FFCC3D0,Cael McCarthy
6.57667,1.1911793797036052,1.907090146060256,675.1680864401267,0.02,False,2026-06-25T17:44:31.381Z,746.864,48,movement data/movement-46814A23-934C-4626-AB52-B662E6EA33A1,Cael McCarthy
7.10366,1.4225583409074742,3.826153369641084,720.0362269636161,0.059,True,2026-06-25T17:44:33.072Z,748.556,218,movement data/movement-46814A23-934C-4626-AB52-B662E6EA33A1,Cael McCarthy
18.6982,2.7825544079388207,8.276128064575595,2673.927308170138,0.092,True,2026-06-25T17:44:35.620Z,751.103,474,movement data/movement-46814A23-934C-4626-AB52-B662E6EA33A1,Cael McCarthy
6.75864,1.2429116312392454,2.1027675245106763,688.2926386962679,0.01,True,2026-06-25T17:44:37.132Z,752.616,626,movement data/movement-46814A23-934C-4626-AB52-B662E6EA33A1,Cael McCarthy
6.3212,1.1162870153041629,3.0806251694056783,818.9867966155227,0.0,False,2026-06-25T17:44:37.696Z,753.18,683,movement data/movement-46814A23-934C-4626-AB52-B662E6EA33A1,Cael McCarthy
7.24576,1.2675664608374817,1.6965335851319503,231.97015735219043,0.05,True,2026-06-25T17:44:39.561Z,755.044,870,movement data/movement-46814A23-934C-4626-AB52-B662E6EA33A1,Cael McCarthy
4.49569,0.8723351104161817,1.5789812033349906,237.30270234870903,0.05,False,2026-06-25T17:44:40.078Z,755.562,922,movement data/movement-46814A23-934C-4626-AB52-B662E6EA33A1,Cael McCarthy
5.8976,1.2971688822236396,2.3215135658482065,811.7166752950193,0.04,True,2026-06-25T17:44:41.093Z,756.577,1024,movement data/movement-46814A23-934C-4626-AB52-B662E6EA33A1,Cael McCarthy
11.84467,1.8624858109533486,2.290401145937789,1083.7923858275524,0.05,True,2026-06-25T17:44:43.631Z,759.114,1279,movement data/movement-46814A23-934C-4626-AB52-B662E6EA33A1,Cael McCarthy
4.94649,1.0140397345269812,2.309559741614313,361.7975638088239,0.01,False,2026-06-25T17:44:44.686Z,760.169,1385,movement data/movement-46814A23-934C-4626-AB52-B662E6EA33A1,Cael McCarthy
5.77229,1.1604337863966865,1.2573470668060278,846.3115963786623,0.03,False,2026-06-25T17:54:37.573Z,1353.056,1481,movement data/movement-46814A23-934C-4626-AB52-B662E6EA33A1,Cael McCarthy
5.77229,1.2446175174475995,1.2573470668060278,846.3115963786623,0.03,False,2026-06-25T17:54:37.901Z,1353.384,1514,movement data/movement-46814A23-934C-4626-AB52-B662E6EA33A1,Cael McCarthy
6.06467,1.085392951995308,2.1166378194377624,449.27128205239205,0.029,False,2026-06-25T17:54:38.677Z,1354.16,1592,movement data/movement-46814A23-934C-4626-AB52-B662E6EA33A1,Cael McCarthy
6.47574,1.2851044095846071,3.4001640890774,516.0926907867143,0.04,True,2026-06-25T17:54:39.214Z,1354.698,1646,movement data/movement-46814A23-934C-4626-AB52-B662E6EA33A1,Cael McCarthy
4.17623,0.8783868219072037,2.2849883380009834,514.6534879411583,0.0,False,2026-06-25T17:54:40.011Z,1355.494,1726,movement data/movement-46814A23-934C-4626-AB52-B662E6EA33A1,Cael McCarthy
11.60954,1.9692884856465642,2.866377610844467,1233.9370976775922,0.089,True,2026-06-25T17:54:41.671Z,1357.154,1893,movement data/movement-46814A23-934C-4626-AB52-B662E6EA33A1,Cael McCarthy
4.78506,1.008376571403857,1.900434186448943,283905.06969760155,0.01,False,2026-06-25T17:54:42.324Z,1357.807,1959,movement data/movement-46814A23-934C-4626-AB52-B662E6EA33A1,Cael McCarthy
6.41972,1.2174607397317003,2.2377396312908875,1114976.596974125,0.02,True,2026-06-25T17:54:43.200Z,1358.683,2047,movement data/movement-46814A23-934C-4626-AB52-B662E6EA33A1,Cael McCarthy
5.86129,0.8574453453186125,1.7678336997840196,247.36119755531587,0.01,False,2026-06-25T17:54:43.996Z,1359.48,2127,movement data/movement-46814A23-934C-4626-AB52-B662E6EA33A1,Cael McCarthy
9.52335,1.544093929514178,2.255824634058738,523.6354082126227,0.09,True,2026-06-25T17:54:45.932Z,1361.416,2321,movement data/movement-46814A23-934C-4626-AB52-B662E6EA33A1,Cael McCarthy
7.5331,1.443098151063623,3.6171358323894527,431.5802822773734,0.03,True,2026-06-25T17:54:47.335Z,1362.819,2462,movement data/movement-46814A23-934C-4626-AB52-B662E6EA33A1,Cael McCarthy
11.7722,1.7492176371947625,2.720707734789028,597.90697101974,0.04,True,2026-06-25T17:54:49.823Z,1365.307,2712,movement data/movement-46814A23-934C-4626-AB52-B662E6EA33A1,Cael McCarthy
4.9498,0.9795635522050795,2.5168359599960253,457.1929944574829,0.03,False,2026-06-25T17:54:50.490Z,1365.974,2779,movement data/movement-46814A23-934C-4626-AB52-B662E6EA33A1,Cael McCarthy
4.68945,0.9585650136464491,1.872430024915724,457.1929944574829,0.03,False,2026-06-25T17:54:50.858Z,1366.342,2816,movement data/movement-46814A23-934C-4626-AB52-B662E6EA33A1,Cael McCarthy
20.98709,2.486027771135872,4.295321803183265,1908.8364265547089,0.049,False,2026-06-25T18:27:55.168Z,3350.652,2906,movement data/movement-46814A23-934C-4626-AB52-B662E6EA33A1,Cael McCarthy
11.57405,1.850266467882124,4.78119581232189,1065.9390659418575,0.03,True,2026-06-25T18:27:56.730Z,3352.214,3063,movement data/movement-46814A23-934C-4626-AB52-B662E6EA33A1,Cael McCarthy
4.43356,0.9184098207500929,1.812595411420017,382.6946215078021,0.0,False,2026-06-25T18:27:57.665Z,3353.148,3157,movement data/movement-46814A23-934C-4626-AB52-B662E6EA33A1,Cael McCarthy
17.64762,2.683798898752672,7.102036059627814,1476.1608251110692,0.039,True,2026-06-25T18:27:59.397Z,3354.881,3331,movement data/movement-46814A23-934C-4626-AB52-B662E6EA33A1,Cael McCarthy
4.95083,0.9905267785953769,2.023766146870187,574304.9616710622,0.01,True,2026-06-25T18:28:00.989Z,3356.473,3491,movement data/movement-46814A23-934C-4626-AB52-B662E6EA33A1,Cael McCarthy
7.40418,1.2271191328331768,3.4288393279799263,395.1499374591877,0.12,True,2026-06-25T18:28:03.437Z,3358.921,3737,movement data/movement-46814A23-934C-4626-AB52-B662E6EA33A1,Cael McCarthy
4.03046,0.9280283405226523,1.4450280492579213,268.0543072159073,0.12,False,2026-06-25T18:28:03.984Z,3359.467,3792,movement data/movement-46814A23-934C-4626-AB52-B662E6EA33A1,Cael McCarthy
7.85345,1.6206298005700754,3.1187267435104458,228532.28240229,0.03,True,2026-06-25T18:28:05.597Z,3361.08,3954,movement data/movement-46814A23-934C-4626-AB52-B662E6EA33A1,Cael McCarthy
19.34529,2.4365649984951077,4.437232807576387,994.7522749588474,0.05,True,2026-06-25T18:28:07.397Z,3362.881,4135,movement data/movement-46814A23-934C-4626-AB52-B662E6EA33A1,Cael McCarthy
4.94786,1.0561247344910083,1.7403661983984615,409.59403450245713,0.02,False,2026-06-25T18:28:07.995Z,3363.479,4195,movement data/movement-46814A23-934C-4626-AB52-B662E6EA33A1,Cael McCarthy
13.19277,2.0446078972199047,4.513457713119718,1372.7645246453203,0.049,False,2026-06-25T18:38:23.324Z,3978.807,4356,movement data/movement-46814A23-934C-4626-AB52-B662E6EA33A1,Cael McCarthy
8.22648,1.5336009743460741,4.290781273401108,602.4069335375168,0.031,True,2026-06-25T18:38:24.697Z,3980.18,4494,movement data/movement-46814A23-934C-4626-AB52-B662E6EA33A1,Cael McCarthy
16.03533,2.6781497996066257,9.654501666569091,1324.504430081304,0.05,True,2026-06-25T18:38:27.404Z,3982.887,4766,movement data/movement-46814A23-934C-4626-AB52-B662E6EA33A1,Cael McCarthy
4.64025,0.9501431715827081,1.9044120334663512,259.002075213694,0.02,True,2026-06-25T18:38:28.757Z,3984.241,4902,movement data/movement-46814A23-934C-4626-AB52-B662E6EA33A1,Cael McCarthy
4.31617,0.8978172159317427,1.58872555843881,179.3774655802674,0.02,False,2026-06-25T18:38:29.364Z,3984.848,4963,movement data/movement-46814A23-934C-4626-AB52-B662E6EA33A1,Cael McCarthy
11.325,1.8494244932250714,4.343731856716429,661.7608612745354,0.09,True,2026-06-25T18:38:31.822Z,3987.306,5210,movement data/movement-46814A23-934C-4626-AB52-B662E6EA33A1,Cael McCarthy
4.19424,0.916116184886461,2.0230185998341974,249.75634763989436,0.059,False,2026-06-25T18:38:32.589Z,3988.072,5287,movement data/movement-46814A23-934C-4626-AB52-B662E6EA33A1,Cael McCarthy
14.36343,1.8737192019911555,6.00467342548678,1428.0518494042851,0.049,False,2026-06-25T18:41:39.717Z,4175.2,5369,movement data/movement-46814A23-934C-4626-AB52-B662E6EA33A1,Cael McCarthy
7.11627,1.4405448895939783,3.876943426207057,575.1303959836392,0.02,True,2026-06-25T18:41:41.359Z,4176.842,5534,movement data/movement-46814A23-934C-4626-AB52-B662E6EA33A1,Cael McCarthy
4.78765,1.1182576000615005,1.7652046578995082,363.55726078294737,0.0,False,2026-06-25T18:41:42.244Z,4177.727,5623,movement data/movement-46814A23-934C-4626-AB52-B662E6EA33A1,Cael McCarthy
22.48788,2.910247170467022,8.463088872984816,2099.906356954172,0.05,True,2026-06-25T18:41:43.945Z,4179.428,5794,movement data/movement-46814A23-934C-4626-AB52-B662E6EA33A1,Cael McCarthy
16.61447,2.3950722220530833,6.11916236848907,1554.5622897729124,0.05,True,2026-06-25T18:50:13.683Z,4689.167,5982,movement data/movement-46814A23-934C-4626-AB52-B662E6EA33A1,Cael McCarthy
8.14993,1.3260013088616585,3.4355798542829907,596.436063494655,0.02,False,2026-06-25T18:50:15.305Z,4690.788,6145,movement data/movement-46814A23-934C-4626-AB52-B662E6EA33A1,Cael McCarthy
4.42785,0.927345265519913,1.1164450042782577,55631.38682434592,0.0,False,2026-06-25T18:50:16.181Z,4691.664,6233,movement data/movement-46814A23-934C-4626-AB52-B662E6EA33A1,Cael McCarthy
14.43831,2.827340020249033,9.056860524094208,1191.3618370222373,0.036,True,2026-06-25T18:50:17.892Z,4693.376,6405,movement data/movement-46814A23-934C-4626-AB52-B662E6EA33A1,Cael McCarthy
5.85554,1.0682620760614359,0.996957717394674,228.1339244699982,0.027,True,2026-06-25T18:50:19.883Z,4695.366,6605,movement data/movement-46814A23-934C-4626-AB52-B662E6EA33A1,Cael McCarthy
5.85554,1.092655325679087,0.996957717394674,228.1339244699982,0.027,True,2026-06-25T18:50:20.308Z,4695.791,6648,movement data/movement-46814A23-934C-4626-AB52-B662E6EA33A1,Cael McCarthy
9.00539,1.6360763579395894,3.516710476527241,387.1026187175695,0.09,True,2026-06-25T18:50:22.092Z,4697.576,6827,movement data/movement-46814A23-934C-4626-AB52-B662E6EA33A1,Cael McCarthy
5.45127,1.0614706084933372,2.316564754434782,476.1054575537861,0.02,False,2026-06-25T18:50:23.366Z,4698.849,6955,movement data/movement-46814A23-934C-4626-AB52-B662E6EA33A1,Cael McCarthy
6.48397,1.2251011466543429,1.8255030565861612,510.10719941504624,0.029,False,2026-06-22T20:12:27.963Z,3934.276,16,movement data/movement-8DA72F42-34F3-4328-82C3-75C3AA8EF2CC,Piper Arnold
5.21898,1.2258108815967457,2.8430452219421647,462.0211165758552,0.05,False,2026-06-22T20:12:28.911Z,3935.224,111,movement data/movement-8DA72F42-34F3-4328-82C3-75C3AA8EF2CC,Piper Arnold
5.25827,1.097696571907756,2.580518333439635,288.1859221359631,0.01,True,2026-06-22T20:12:29.799Z,3936.112,200,movement data/movement-8DA72F42-34F3-4328-82C3-75C3AA8EF2CC,Piper Arnold
4.53853,0.6917001559529438,1.0569837239195736,177.85137445631395,0.02,False,2026-06-22T20:12:32.034Z,3938.347,424,movement data/movement-8DA72F42-34F3-4328-82C3-75C3AA8EF2CC,Piper Arnold
5.05096,0.9530275295195823,4.208205100815084,399.72080048203645,0.031,False,2026-06-22T20:12:32.922Z,3939.235,513,movement data/movement-8DA72F42-34F3-4328-82C3-75C3AA8EF2CC,Piper Arnold
5.80419,1.2845235213180053,2.7743678164288847,552.6763549302611,0.03,False,2026-06-22T20:12:33.790Z,3940.103,600,movement data/movement-8DA72F42-34F3-4328-82C3-75C3AA8EF2CC,Piper Arnold
8.23021,1.3638913749052128,4.484545296166142,557.8303834329929,0.06,True,2026-06-22T20:12:36.274Z,3942.588,849,movement data/movement-8DA72F42-34F3-4328-82C3-75C3AA8EF2CC,Piper Arnold
5.53982,1.287632378615792,3.0860141533288887,447.131374333342,0.06,False,2026-06-22T20:12:38.090Z,3944.404,1031,movement data/movement-8DA72F42-34F3-4328-82C3-75C3AA8EF2CC,Piper Arnold
6.98351,1.2271844255883604,3.6202427125015393,581.9379434587506,0.04,True,2026-06-22T20:12:39.996Z,3946.31,1222,movement data/movement-8DA72F42-34F3-4328-82C3-75C3AA8EF2CC,Piper Arnold
4.60426,0.7941562645360555,1.6965030016280451,315.4679499457516,0.02,False,2026-06-22T20:12:41.004Z,3947.318,1323,movement data/movement-8DA72F42-34F3-4328-82C3-75C3AA8EF2CC,Piper Arnold
7.2538,0.9949948033156287,2.5345843704507574,872.1243954693846,0.019,False,2026-06-22T20:12:41.783Z,3948.096,1401,movement data/movement-8DA72F42-34F3-4328-82C3-75C3AA8EF2CC,Piper Arnold
4.94427,0.8028227255618139,1.586854525955372,489.6168870014595,0.02,False,2026-06-22T20:23:04.070Z,4570.383,1464,movement data/movement-8DA72F42-34F3-4328-82C3-75C3AA8EF2CC,Piper Arnold
5.42002,0.9875129641801175,2.3591326690500733,450.97126898617387,0.02,False,2026-06-22T20:23:04.748Z,4571.062,1532,movement data/movement-8DA72F42-34F3-4328-82C3-75C3AA8EF2CC,Piper Arnold
5.05898,0.9279701643704942,1.9564352430271337,288.05395768501427,0.01,False,2026-06-22T20:23:05.726Z,4572.04,1630,movement data/movement-8DA72F42-34F3-4328-82C3-75C3AA8EF2CC,Piper Arnold
7.05311,1.0300109393259322,3.0993180349076943,506.49002164011085,0.04,True,2026-06-22T20:23:07.852Z,4574.165,1843,movement data/movement-8DA72F42-34F3-4328-82C3-75C3AA8EF2CC,Piper Arnold
5.45256,0.7940897090313443,2.201008629281008,371.81267475571616,0.02,False,2026-06-22T20:23:09.917Z,4576.231,2050,movement data/movement-8DA72F42-34F3-4328-82C3-75C3AA8EF2CC,Piper Arnold
7.37248,1.1999149581898554,2.9589770313694097,478.6056742400938,0.069,True,2026-06-22T20:23:12.132Z,4578.446,2272,movement data/movement-8DA72F42-34F3-4328-82C3-75C3AA8EF2CC,Piper Arnold
4.59251,1.0409655627746828,2.1410349624724225,259.4742885855938,0.04,False,2026-06-22T20:23:13.260Z,4579.573,2385,movement data/movement-8DA72F42-34F3-4328-82C3-75C3AA8EF2CC,Piper Arnold
7.01303,1.4316269337395668,4.603553253430787,590.7180676058588,0.04,False,2026-06-22T20:23:13.889Z,4580.202,2448,movement data/movement-8DA72F42-34F3-4328-82C3-75C3AA8EF2CC,Piper Arnold
7.85601,1.2886637894945967,4.12341882508615,877.7212162554806,0.05,True,2026-06-22T20:23:15.864Z,4582.178,2646,movement data/movement-8DA72F42-34F3-4328-82C3-75C3AA8EF2CC,Piper Arnold
4.47645,0.8667518530219306,2.0788941457035306,237.79688679837676,0.02,False,2026-06-22T20:23:16.882Z,4583.196,2748,movement data/movement-8DA72F42-34F3-4328-82C3-75C3AA8EF2CC,Piper Arnold
7.99855,1.144842621475872,2.4605942178211926,833.6402492256477,0.03,False,2026-06-22T20:23:17.511Z,4583.824,2811,movement data/movement-8DA72F42-34F3-4328-82C3-75C3AA8EF2CC,Piper Arnold
7.99855,1.3360893803766962,2.4605942178211926,833.6402492256477,0.03,False,2026-06-22T20:23:17.870Z,4584.183,2847,movement data/movement-8DA72F42-34F3-4328-82C3-75C3AA8EF2CC,Piper Arnold
4.45784,0.7740699041614747,2.227620149346906,258.39945376296754,0.0,False,2026-06-22T20:48:56.823Z,6123.136,2918,movement data/movement-8DA72F42-34F3-4328-82C3-75C3AA8EF2CC,Piper Arnold
5.43422,0.9679343274816359,2.6873287603758604,383.7267193850331,0.02,False,2026-06-22T20:48:58.000Z,6124.314,3036,movement data/movement-8DA72F42-34F3-4328-82C3-75C3AA8EF2CC,Piper Arnold
16.43337,2.0056978158674568,8.109379334404062,1923.6442776358103,0.09,True,2026-06-22T20:49:00.435Z,6126.748,3280,movement data/movement-8DA72F42-34F3-4328-82C3-75C3AA8EF2CC,Piper Arnold
5.21373,0.9294222308182265,3.0992347174122976,355.5999932353768,0.03,False,2026-06-22T20:49:01.044Z,6127.357,3341,movement data/movement-8DA72F42-34F3-4328-82C3-75C3AA8EF2CC,Piper Arnold
7.59108,1.3214869399217695,3.0224183401315683,536.983762883013,0.03,False,2026-06-22T20:49:02.610Z,6128.924,3498,movement data/movement-8DA72F42-34F3-4328-82C3-75C3AA8EF2CC,Piper Arnold
10.56152,1.5380340934942158,2.794210556333597,699.1686678112801,0.07,True,2026-06-22T20:49:04.526Z,6130.839,3690,movement data/movement-8DA72F42-34F3-4328-82C3-75C3AA8EF2CC,Piper Arnold
8.73922,1.5400977166816525,4.208691009171513,981.1762546386184,0.02,False,2026-06-22T20:49:05.733Z,6132.047,3811,movement data/movement-8DA72F42-34F3-4328-82C3-75C3AA8EF2CC,Piper Arnold
4.66573,0.9333958496582082,2.4084130370014503,243.8850856961122,0.0,False,2026-06-22T20:58:11.892Z,6678.206,3936,movement data/movement-8DA72F42-34F3-4328-82C3-75C3AA8EF2CC,Piper Arnold
10.80114,1.5025905972273221,6.133404039417183,650.9275438526165,0.02,False,2026-06-22T20:58:13.010Z,6679.323,4048,movement data/movement-8DA72F42-34F3-4328-82C3-75C3AA8EF2CC,Piper Arnold
11.25018,1.5943971094209688,4.564608244803771,1418.300449578297,0.069,True,2026-06-22T20:58:15.475Z,6681.788,4295,movement data/movement-8DA72F42-34F3-4328-82C3-75C3AA8EF2CC,Piper Arnold
4.34959,0.704338299824174,1.4344138608944823,265.04730520940115,0.02,False,2026-06-22T20:58:16.073Z,6682.387,4355,movement data/movement-8DA72F42-34F3-4328-82C3-75C3AA8EF2CC,Piper Arnold
7.95979,1.7318871673538294,4.658725566470389,867.837889348005,0.06,False,2026-06-22T20:58:17.141Z,6683.454,4462,movement data/movement-8DA72F42-34F3-4328-82C3-75C3AA8EF2CC,Piper Arnold
10.85828,1.7036841913973457,5.1173377778507385,713.6047179118143,0.07,True,2026-06-22T20:58:19.436Z,6685.749,4692,movement data/movement-8DA72F42-34F3-4328-82C3-75C3AA8EF2CC,Piper Arnold
8.05974,1.4893917627395092,2.581606502105709,793.2723622432587,0.03,False,2026-06-22T20:58:20.963Z,6687.276,4845,movement data/movement-8DA72F42-34F3-4328-82C3-75C3AA8EF2CC,Piper Arnold
8.74517,1.4910168249334812,2.8995237498811486,1004.0683669302604,0.02,False,2026-06-25T18:25:43.266Z,452.353,39,movement data/movement-C124D664-D789-4B21-8575-31CACF750521,Piper Arnold
5.24582,1.1348718963298574,2.6654364918817204,266.22712467740774,0.02,True,2026-06-25T18:25:44.094Z,453.181,122,movement data/movement-C124D664-D789-4B21-8575-31CACF750521,Piper Arnold
4.86408,1.1501403591877624,3.612507944310163,391.25404612604336,0.03,False,2026-06-25T18:25:44.942Z,454.029,207,movement data/movement-C124D664-D789-4B21-8575-31CACF750521,Piper Arnold
5.58253,0.8264046518936623,2.9823881515253903,532.2080342027917,0.02,True,2026-06-25T18:25:47.137Z,456.224,427,movement data/movement-C124D664-D789-4B21-8575-31CACF750521,Piper Arnold
4.50313,0.9339790026438729,2.172597231890014,288.9969370443224,0.02,False,2026-06-25T18:25:47.935Z,457.022,507,movement data/movement-C124D664-D789-4B21-8575-31CACF750521,Piper Arnold
5.95763,1.200728217251861,3.334207820726427,331.4483600985227,0.02,True,2026-06-25T18:25:48.274Z,457.362,541,movement data/movement-C124D664-D789-4B21-8575-31CACF750521,Piper Arnold
5.95763,1.2829817316984526,3.334207820726427,459.7085823660463,0.02,True,2026-06-25T18:25:48.704Z,457.791,584,movement data/movement-C124D664-D789-4B21-8575-31CACF750521,Piper Arnold
7.96281,1.1289973755771705,2.5535405864197247,781.2977571438432,0.04,True,2026-06-25T18:25:51.308Z,460.395,845,movement data/movement-C124D664-D789-4B21-8575-31CACF750521,Piper Arnold
9.57498,1.4174397793031948,4.159210788588483,885.557849558119,0.03,False,2026-06-25T18:25:51.986Z,461.073,913,movement data/movement-C124D664-D789-4B21-8575-31CACF750521,Piper Arnold
9.57498,1.4155837131298015,4.159210788588483,885.557849558119,0.03,False,2026-06-25T18:25:52.405Z,461.492,955,movement data/movement-C124D664-D789-4B21-8575-31CACF750521,Piper Arnold
7.41949,1.712900008032714,3.904518559739202,880.7126287149515,0.03,False,2026-06-25T18:36:29.550Z,1098.638,1040,movement data/movement-C124D664-D789-4B21-8575-31CACF750521,Piper Arnold
5.03078,1.1275561673780587,2.434383212501148,283.9139071950605,0.0,False,2026-06-25T18:36:30.468Z,1099.555,1132,movement data/movement-C124D664-D789-4B21-8575-31CACF750521,Piper Arnold
5.56533,1.0309802667080903,3.2157698785302924,345.35494942594926,0.01,True,2026-06-25T18:36:31.337Z,1100.424,1219,movement data/movement-C124D664-D789-4B21-8575-31CACF750521,Piper Arnold
9.95901,1.7105255078407922,5.863355546620106,1466.2613346320632,0.059,True,2026-06-25T18:36:33.532Z,1102.619,1439,movement data/movement-C124D664-D789-4B21-8575-31CACF750521,Piper Arnold
4.49914,0.8688319747730054,1.9980994908351817,358.4673767764648,0.01,False,2026-06-25T18:36:34.569Z,1103.656,1543,movement data/movement-C124D664-D789-4B21-8575-31CACF750521,Piper Arnold
6.53831,1.0724451759699642,3.496297963574358,505.2285752350118,0.02,True,2026-06-25T18:36:35.288Z,1104.375,1615,movement data/movement-C124D664-D789-4B21-8575-31CACF750521,Piper Arnold
6.51205,1.058023367480816,2.391183476926785,524.5334878870938,0.09,True,2026-06-25T18:36:37.712Z,1106.799,1858,movement data/movement-C124D664-D789-4B21-8575-31CACF750521,Piper Arnold
6.51205,1.0606850437834694,2.391183476926785,524.5334878870938,0.09,True,2026-06-25T18:36:38.141Z,1107.228,1901,movement data/movement-C124D664-D789-4B21-8575-31CACF750521,Piper Arnold
5.81451,0.8086451306132835,2.510982908969394,509.9340658163563,0.02,False,2026-06-25T18:36:38.930Z,1108.017,1980,movement data/movement-C124D664-D789-4B21-8575-31CACF750521,Piper Arnold
9.14093,1.5253579243982427,3.990531248537216,867.8922237178991,0.04,True,2026-06-25T18:48:12.544Z,1801.631,2097,movement data/movement-C124D664-D789-4B21-8575-31CACF750521,Piper Arnold
9.14093,1.2230905872935007,3.990531248537216,867.8922237178991,0.0,True,2026-06-25T18:48:12.993Z,1802.08,2142,movement data/movement-C124D664-D789-4B21-8575-31CACF750521,Piper Arnold
5.00479,0.9383178206630952,2.506578745179594,263.3013080920792,0.01,False,2026-06-25T18:48:13.981Z,1803.068,2241,movement data/movement-C124D664-D789-4B21-8575-31CACF750521,Piper Arnold
7.04116,1.133890905012034,3.957387026369037,671.022849319604,0.03,True,2026-06-25T18:48:16.156Z,1805.243,2459,movement data/movement-C124D664-D789-4B21-8575-31CACF750521,Piper Arnold
4.51682,0.9110213822953045,2.949263421953588,285.6536323889476,0.019,False,2026-06-25T18:48:16.944Z,1806.031,2538,movement data/movement-C124D664-D789-4B21-8575-31CACF750521,Piper Arnold
5.89868,1.0171800301900766,3.497785429492603,561.1494701461568,0.02,True,2026-06-25T18:48:18.091Z,1807.179,2653,movement data/movement-C124D664-D789-4B21-8575-31CACF750521,Piper Arnold
6.05427,1.1740910347039946,3.823186627302506,432.4978920954413,0.06,True,2026-06-25T18:48:20.606Z,1809.693,2905,movement data/movement-C124D664-D789-4B21-8575-31CACF750521,Piper Arnold
8.96386,1.3358707920694342,5.527217730357008,917.781112785614,0.02,False,2026-06-25T18:48:21.544Z,1810.631,2999,movement data/movement-C124D664-D789-4B21-8575-31CACF750521,Piper Arnold
6.60681,1.3443272119162564,2.308732591419344,640.7954786638245,0.04,False,2026-06-25T19:00:59.083Z,2568.17,3137,movement data/movement-C124D664-D789-4B21-8575-31CACF750521,Piper Arnold
5.53361,1.1589304062665067,2.4602089305364365,390.9989474167418,0.02,False,2026-06-25T19:00:59.872Z,2568.959,3216,movement data/movement-C124D664-D789-4B21-8575-31CACF750521,Piper Arnold
5.73951,1.0507166387456282,2.7994201095259457,350.30757587582946,0.01,True,2026-06-25T19:01:00.540Z,2569.627,3283,movement data/movement-C124D664-D789-4B21-8575-31CACF750521,Piper Arnold
6.88668,1.1649678049933012,3.0912512911444088,569.3799162387096,0.04,True,2026-06-25T19:01:02.795Z,2571.882,3509,movement data/movement-C124D664-D789-4B21-8575-31CACF750521,Piper Arnold
5.30392,1.0569285769505679,3.2889260937084406,311.9247370392415,0.019,False,2026-06-25T19:01:03.473Z,2572.561,3577,movement data/movement-C124D664-D789-4B21-8575-31CACF750521,Piper Arnold
4.02582,0.8202306833818217,2.048906401563084,305.4740894298565,0.01,True,2026-06-25T19:01:04.222Z,2573.309,3652,movement data/movement-C124D664-D789-4B21-8575-31CACF750521,Piper Arnold
5.72152,1.0506476780042127,3.1252230292808107,671.7140077547884,0.04,True,2026-06-25T19:01:06.816Z,2575.904,3912,movement data/movement-C124D664-D789-4B21-8575-31CACF750521,Piper Arnold
6.21496,1.0188906506605337,2.8383633518250235,373.5901262198989,0.029,True,2026-06-25T19:01:07.904Z,2576.991,4021,movement data/movement-C124D664-D789-4B21-8575-31CACF750521,Piper Arnold
4.95821,1.0422869177432348,2.636294231687935,277.7474711352022,0.02,False,2026-06-25T19:01:08.602Z,2577.689,4091,movement data/movement-C124D664-D789-4B21-8575-31CACF750521,Piper Arnold
6.64154,1.0070877038922728,3.9186845532939,646.5373201061174,0.05,True,2026-06-25T19:01:10.817Z,2579.904,4313,movement data/movement-C124D664-D789-4B21-8575-31CACF750521,Piper Arnold
5.37877,1.0580639347610146,2.574337286980146,489.16879349906753,0.03,False,2026-06-25T19:01:11.406Z,2580.493,4372,movement data/movement-C124D664-D789-4B21-8575-31CACF750521,Piper Arnold
7.69304,1.2370499269275455,3.506213166593268,994.4800360713352,0.03,False,2026-06-25T19:01:11.975Z,2581.062,4429,movement data/movement-C124D664-D789-4B21-8575-31CACF750521,Piper Arnold
7.6019,1.2745918638482432,3.8888824771793504,430.9015138010077,0.05,False,2026-06-25T18:06:25.254Z,1544.538,81,movement data/movement-E2B8DE2A-1E7B-47EF-BB36-58020D996058,Jeffery Brown
7.6019,1.246148175321359,3.8888824771793504,430.9015138010077,0.05,False,2026-06-25T18:06:25.652Z,1544.936,121,movement data/movement-E2B8DE2A-1E7B-47EF-BB36-58020D996058,Jeffery Brown
4.01757,0.8339901113199636,1.718056234017616,164.57304318136465,0.019,False,2026-06-25T18:06:26.210Z,1545.494,177,movement data/movement-E2B8DE2A-1E7B-47EF-BB36-58020D996058,Jeffery Brown
14.51288,2.257346116067439,6.2260335985781765,756.0491997125584,0.03,True,2026-06-25T18:06:28.004Z,1547.287,357,movement data/movement-E2B8DE2A-1E7B-47EF-BB36-58020D996058,Jeffery Brown
10.37338,1.9697534343165546,6.2260335985781765,756.0491997125584,0.03,False,2026-06-25T18:06:28.871Z,1548.154,444,movement data/movement-E2B8DE2A-1E7B-47EF-BB36-58020D996058,Jeffery Brown
4.63642,1.0802457869091233,2.660875722820871,257.81784050031706,0.0,False,2026-06-25T18:06:29.688Z,1548.972,526,movement data/movement-E2B8DE2A-1E7B-47EF-BB36-58020D996058,Jeffery Brown
16.97987,2.554241460443971,7.0048531590787615,1077.7648414626449,0.07,True,2026-06-25T18:06:32.298Z,1551.582,788,movement data/movement-E2B8DE2A-1E7B-47EF-BB36-58020D996058,Jeffery Brown
7.72105,1.6304874671278131,4.082607417566448,479.6141978471272,0.04,False,2026-06-25T18:06:33.295Z,1552.578,888,movement data/movement-E2B8DE2A-1E7B-47EF-BB36-58020D996058,Jeffery Brown
4.52974,0.8597363972882378,2.3635679578489506,197.42031301261784,0.0,False,2026-06-25T18:06:34.261Z,1553.545,985,movement data/movement-E2B8DE2A-1E7B-47EF-BB36-58020D996058,Jeffery Brown
5.89918,0.8504933380728021,2.4384606905896526,449.11493585800935,0.03,False,2026-06-25T18:06:36.215Z,1555.499,1181,movement data/movement-E2B8DE2A-1E7B-47EF-BB36-58020D996058,Jeffery Brown
11.17017,1.6479690744152722,7.948053401059298,976.8894715737318,0.031,False,2026-06-25T18:06:37.131Z,1556.415,1273,movement data/movement-E2B8DE2A-1E7B-47EF-BB36-58020D996058,Jeffery Brown
13.31601,2.4463940824148778,6.235570565614856,805.4858585729485,0.03,True,2026-06-25T18:06:37.679Z,1556.963,1328,movement data/movement-E2B8DE2A-1E7B-47EF-BB36-58020D996058,Jeffery Brown
6.1105,1.120612268563157,3.2481727381214816,385.9407087416407,0.02,False,2026-06-25T18:19:52.831Z,2352.115,1451,movement data/movement-E2B8DE2A-1E7B-47EF-BB36-58020D996058,Jeffery Brown
5.07861,0.9264409373299477,2.489243766729435,304.15461869582055,0.01,False,2026-06-25T18:19:53.518Z,2352.802,1520,movement data/movement-E2B8DE2A-1E7B-47EF-BB36-58020D996058,Jeffery Brown
4.01661,0.8130372160474562,1.3488314557331775,221.90164367575107,0.01,False,2026-06-25T18:19:54.146Z,2353.43,1583,movement data/movement-E2B8DE2A-1E7B-47EF-BB36-58020D996058,Jeffery Brown
9.13898,1.7370085713438093,4.501539982102457,680.1975366068301,0.06,True,2026-06-25T18:19:57.066Z,2356.35,1876,movement data/movement-E2B8DE2A-1E7B-47EF-BB36-58020D996058,Jeffery Brown
5.05457,1.1680033669591627,2.3085194294117546,347.8643945361468,0.011,False,2026-06-25T18:19:57.863Z,2357.147,1956,movement data/movement-E2B8DE2A-1E7B-47EF-BB36-58020D996058,Jeffery Brown
11.01588,1.830585309290787,3.1658822457050904,1298.4680145606203,0.05,True,2026-06-25T18:19:59.955Z,2359.239,2166,movement data/movement-E2B8DE2A-1E7B-47EF-BB36-58020D996058,Jeffery Brown
6.99033,1.221720626974413,3.1658822457050904,772.3869041697949,0.02,False,2026-06-25T18:20:00.782Z,2360.066,2249,movement data/movement-E2B8DE2A-1E7B-47EF-BB36-58020D996058,Jeffery Brown
8.80462,1.4607014707667811,4.385402912830767,505.7496449064497,0.02,False,2026-06-25T18:20:01.729Z,2361.013,2344,movement data/movement-E2B8DE2A-1E7B-47EF-BB36-58020D996058,Jeffery Brown
6.05122,1.1365648473811403,3.6734190793937938,318.2640692271121,0.02,False,2026-06-25T18:20:02.297Z,2361.581,2401,movement data/movement-E2B8DE2A-1E7B-47EF-BB36-58020D996058,Jeffery Brown
5.80413,0.940836476116528,1.465840770296301,257.11304059887743,0.02,False,2026-06-25T18:20:02.616Z,2361.9,2433,movement data/movement-E2B8DE2A-1E7B-47EF-BB36-58020D996058,Jeffery Brown
12.07348,1.9199562857535777,7.20443885543133,1611.7463961714343,0.039,True,2026-06-25T18:20:04.190Z,2363.474,2591,movement data/movement-E2B8DE2A-1E7B-47EF-BB36-58020D996058,Jeffery Brown
12.07348,1.9913505961454583,7.20443885543133,1611.7463961714343,0.039,True,2026-06-25T18:20:04.599Z,2363.882,2632,movement data/movement-E2B8DE2A-1E7B-47EF-BB36-58020D996058,Jeffery Brown
5.31933,1.0598434136325503,2.95998948889076,377.75098566780736,0.02,False,2026-06-25T18:20:04.987Z,2364.271,2671,movement data/movement-E2B8DE2A-1E7B-47EF-BB36-58020D996058,Jeffery Brown
10.51527,1.7373205086565555,4.072676067191011,574.6880496799981,0.03,False,2026-06-25T18:20:06.203Z,2365.487,2793,movement data/movement-E2B8DE2A-1E7B-47EF-BB36-58020D996058,Jeffery Brown
4.69597,0.7580254469366898,2.5193090528604976,286.7938895269563,0.01,False,2026-06-25T18:29:24.701Z,2923.985,2893,movement data/movement-E2B8DE2A-1E7B-47EF-BB36-58020D996058,Jeffery Brown
6.0573,1.1433290229147637,3.276928839332219,372.1924144995435,0.04,False,2026-06-25T18:29:25.458Z,2924.742,2969,movement data/movement-E2B8DE2A-1E7B-47EF-BB36-58020D996058,Jeffery Brown
4.28979,0.8634302219270013,1.4831663108392303,177.3836616065253,0.02,False,2026-06-25T18:29:26.106Z,2925.39,3034,movement data/movement-E2B8DE2A-1E7B-47EF-BB36-58020D996058,Jeffery Brown
5.49083,0.9826557397835947,1.8663231356593355,344.4385549455809,0.05,False,2026-06-25T18:29:27.840Z,2927.123,3208,movement data/movement-E2B8DE2A-1E7B-47EF-BB36-58020D996058,Jeffery Brown
6.46943,1.1145054420651836,3.114208259260981,356.0651671632596,0.05,False,2026-06-25T18:29:28.268Z,2927.552,3251,movement data/movement-E2B8DE2A-1E7B-47EF-BB36-58020D996058,Jeffery Brown
8.31647,1.3214255874333989,3.114208259260981,435.0441604722444,0.04,True,2026-06-25T18:29:28.936Z,2928.22,3318,movement data/movement-E2B8DE2A-1E7B-47EF-BB36-58020D996058,Jeffery Brown
7.30301,1.3865195653650686,2.297780296283661,1373306.5872557373,0.019,False,2026-06-25T18:29:29.533Z,2928.817,3378,movement data/movement-E2B8DE2A-1E7B-47EF-BB36-58020D996058,Jeffery Brown
17.45423,2.5127589845070446,6.252604866967508,1588.843766821647,0.03,True,2026-06-25T18:29:32.064Z,2931.348,3632,movement data/movement-E2B8DE2A-1E7B-47EF-BB36-58020D996058,Jeffery Brown
14.04788,2.3293685847512497,7.290567574367802,1254.108600867166,0.02,False,2026-06-25T18:29:32.901Z,2932.185,3716,movement data/movement-E2B8DE2A-1E7B-47EF-BB36-58020D996058,Jeffery Brown
8.56585,1.6543676151396796,7.290567574367802,1158.0006130240176,0.02,False,2026-06-25T18:29:33.728Z,2933.012,3799,movement data/movement-E2B8DE2A-1E7B-47EF-BB36-58020D996058,Jeffery Brown
5.64936,1.0897947715962644,2.09106983237123,365.4497968408247,0.0,False,2026-06-25T18:29:34.446Z,2933.729,3871,movement data/movement-E2B8DE2A-1E7B-47EF-BB36-58020D996058,Jeffery Brown
10.02446,1.7364764220270346,5.16785467062172,1298.482360386422,0.02,False,2026-06-25T18:39:05.935Z,3505.219,3907,movement data/movement-E2B8DE2A-1E7B-47EF-BB36-58020D996058,Jeffery Brown
10.02446,2.018160125109634,6.468481212931909,1298.482360386422,0.02,False,2026-06-25T18:39:06.373Z,3505.657,3951,movement data/movement-E2B8DE2A-1E7B-47EF-BB36-58020D996058,Jeffery Brown
6.31433,1.092116378675264,2.937301968507564,323.42810955450364,0.02,False,2026-06-25T18:39:07.310Z,3506.594,4045,movement data/movement-E2B8DE2A-1E7B-47EF-BB36-58020D996058,Jeffery Brown
7.88975,1.307575434483252,3.396921097800293,677.3328276180035,0.02,False,2026-06-25T18:39:09.014Z,3508.298,4216,movement data/movement-E2B8DE2A-1E7B-47EF-BB36-58020D996058,Jeffery Brown
9.90225,1.747892293178788,4.564531138449004,871.3234596092499,0.04,False,2026-06-25T18:39:10.010Z,3509.294,4316,movement data/movement-E2B8DE2A-1E7B-47EF-BB36-58020D996058,Jeffery Brown
10.04519,1.934451383079983,5.566877426665834,711.9279451327922,0.02,True,2026-06-25T18:39:10.767Z,3510.051,4392,movement data/movement-E2B8DE2A-1E7B-47EF-BB36-58020D996058,Jeffery Brown
13.4902,1.9607541898553291,2.445025028790058,1404.4572921788406,0.02,True,2026-06-25T18:39:13.209Z,3512.492,4637,movement data/movement-E2B8DE2A-1E7B-47EF-BB36-58020D996058,Jeffery Brown
9.14447,1.3779282296490776,4.188421131250305,398.0864113857693,0.02,False,2026-06-25T18:39:14.035Z,3513.319,4720,movement data/movement-E2B8DE2A-1E7B-47EF-BB36-58020D996058,Jeffery Brown
9.14447,1.528637934975201,4.230554934689109,398.0864113857693,0.02,False,2026-06-25T18:39:14.354Z,3513.638,4752,movement data/movement-E2B8DE2A-1E7B-47EF-BB36-58020D996058,Jeffery Brown
6.58152,1.4012422585636555,4.230554934689109,376.3060708479202,0.041,False,2026-06-25T18:39:14.773Z,3514.057,4794,movement data/movement-E2B8DE2A-1E7B-47EF-BB36-58020D996058,Jeffery Brown
6.58152,1.3833249802809773,4.230554934689109,376.3060708479202,0.041,False,2026-06-25T18:39:15.112Z,3514.395,4828,movement data/movement-E2B8DE2A-1E7B-47EF-BB36-58020D996058,Jeffery Brown
6.1488,1.1081079735053523,2.1527068712217186,235.8037323411145,0.041,False,2026-06-25T18:39:15.510Z,3514.794,4868,movement data/movement-E2B8DE2A-1E7B-47EF-BB36-58020D996058,Jeffery Brown
12.16014,1.8012201116839488,7.0201163722020965,1060.3123318235057,0.04,True,2026-06-25T18:39:17.443Z,3516.727,5062,movement data/movement-E2B8DE2A-1E7B-47EF-BB36-58020D996058,Jeffery Brown
12.16014,1.8101104598998894,7.0201163722020965,1060.3123318235057,0.04,True,2026-06-25T18:39:17.801Z,3517.085,5098,movement data/movement-E2B8DE2A-1E7B-47EF-BB36-58020D996058,Jeffery Brown
8.54539,1.542499888380149,3.3807367684105403,590.6197822338835,0.04,False,2026-06-25T18:39:19.037Z,3518.321,5222,movement data/movement-E2B8DE2A-1E7B-47EF-BB36-58020D996058,Jeffery Brown
8.54539,1.57564134917585,3.3807367684105403,590.6197822338835,0.04,False,2026-06-25T18:39:19.396Z,3518.679,5258,movement data/movement-E2B8DE2A-1E7B-47EF-BB36-58020D996058,Jeffery Brown
6.42602,1.0528553190013326,2.622935674877946,250.49249228469895,0.021,False,2026-06-25T18:49:30.331Z,4129.615,5375,movement data/movement-E2B8DE2A-1E7B-47EF-BB36-58020D996058,Jeffery Brown
7.28697,1.4189255512762238,3.658117932157945,794666.1203927092,0.024,False,2026-06-25T18:49:31.108Z,4130.392,5453,movement data/movement-E2B8DE2A-1E7B-47EF-BB36-58020D996058,Jeffery Brown
5.65744,1.0867172275351957,3.330753326010051,451.2342739664175,0.03,False,2026-06-25T18:49:33.549Z,4132.833,5698,movement data/movement-E2B8DE2A-1E7B-47EF-BB36-58020D996058,Jeffery Brown
13.60514,2.1032317340485833,6.999955465062328,870.4520289418596,0.04,True,2026-06-25T18:49:34.475Z,4133.759,5791,movement data/movement-E2B8DE2A-1E7B-47EF-BB36-58020D996058,Jeffery Brown
5.33032,1.2358601511037397,1.8287635529758752,404.8637936701675,0.011,False,2026-06-25T18:49:35.591Z,4134.875,5903,movement data/movement-E2B8DE2A-1E7B-47EF-BB36-58020D996058,Jeffery Brown
10.5086,1.6887641717122992,3.285676413070945,1178.901741434809,0.04,True,2026-06-25T18:49:37.773Z,4137.057,6122,movement data/movement-E2B8DE2A-1E7B-47EF-BB36-58020D996058,Jeffery Brown
5.93472,1.1632851792983048,2.700889567498087,471.7368582992006,0.01,False,2026-06-25T18:49:38.521Z,4137.805,6197,movement data/movement-E2B8DE2A-1E7B-47EF-BB36-58020D996058,Jeffery Brown
4.58397,0.9567575500236035,2.515264184881957,316.5187553021148,0.01,False,2026-06-25T18:49:39.198Z,4138.482,6265,movement data/movement-E2B8DE2A-1E7B-47EF-BB36-58020D996058,Jeffery Brown
8.50251,1.3813755175621718,4.661013498637164,486.0141209491756,0.02,True,2026-06-25T18:49:39.706Z,4138.99,6316,movement data/movement-E2B8DE2A-1E7B-47EF-BB36-58020D996058,Jeffery Brown
5.82052,1.0391849894726384,1.8964103240830124,459.90105068264415,0.05,False,2026-06-25T18:49:41.549Z,4140.833,6501,movement data/movement-E2B8DE2A-1E7B-47EF-BB36-58020D996058,Jeffery Brown
5.82052,1.1933862261401584,1.8964103240830124,459.90105068264415,0.05,False,2026-06-25T18:49:41.918Z,4141.202,6538,movement data/movement-E2B8DE2A-1E7B-47EF-BB36-58020D996058,Jeffery Brown
6.76235,1.3690328425950131,2.758081429948388,3243134.4635861157,0.04,False,2026-06-25T18:49:42.595Z,4141.879,6606,movement data/movement-E2B8DE2A-1E7B-47EF-BB36-58020D996058,Jeffery Brown
6.36575,1.3579505976902937,2.2633930177005497,367.1897587937332,0.03,False,2026-06-25T18:49:43.412Z,4142.696,6688,movement data/movement-E2B8DE2A-1E7B-47EF-BB36-58020D996058,Jeffery Brown
6.36575,1.3976295824368397,2.2633930177005497,367.1897587937332,0.02,False,2026-06-25T18:49:43.771Z,4143.055,6724,movement data/movement-E2B8DE2A-1E7B-47EF-BB36-58020D996058,Jeffery Brown
6.36575,1.3385818266291563,2.2633930177005497,367.1897587937332,0.02,False,2026-06-25T18:49:44.199Z,4143.483,6767,movement data/movement-E2B8DE2A-1E7B-47EF-BB36-58020D996058,Jeffery Brown
5.18541,0.8549468515571219,2.8260739550355165,304.7944476741661,0.02,False,2026-06-25T18:58:07.481Z,4646.765,6848,movement data/movement-E2B8DE2A-1E7B-47EF-BB36-58020D996058,Jeffery Brown
5.59685,0.9175737016880253,1.46769829590056,225.17219000134097,0.03,False,2026-06-25T18:58:08.945Z,4648.229,6995,movement data/movement-E2B8DE2A-1E7B-47EF-BB36-58020D996058,Jeffery Brown
4.41654,0.8737120855065234,1.5301187336819162,301.88394190728576,0.04,False,2026-06-25T18:58:10.550Z,4649.833,7156,movement data/movement-E2B8DE2A-1E7B-47EF-BB36-58020D996058,Jeffery Brown
6.91811,1.4379632697763671,3.1412574743862107,319.7393462087517,0.05,True,2026-06-25T18:58:11.257Z,4650.541,7227,movement data/movement-E2B8DE2A-1E7B-47EF-BB36-58020D996058,Jeffery Brown
6.46625,1.3344794536069446,2.3106387425263475,290.50977056091943,0.02,False,2026-06-25T18:58:12.532Z,4651.816,7355,movement data/movement-E2B8DE2A-1E7B-47EF-BB36-58020D996058,Jeffery Brown
15.23693,2.5041375169277797,7.244679611732339,1371.5537461280908,0.03,True,2026-06-25T18:58:14.863Z,4654.147,7589,movement data/movement-E2B8DE2A-1E7B-47EF-BB36-58020D996058,Jeffery Brown
12.08949,1.4589578241643442,7.956107026489781,953.8995282748598,0.01,False,2026-06-25T18:58:15.501Z,4654.785,7653,movement data/movement-E2B8DE2A-1E7B-47EF-BB36-58020D996058,Jeffery Brown
12.08949,1.7243106225291749,7.956107026489781,953.8995282748598,0.01,False,2026-06-25T18:58:15.929Z,4655.213,7696,movement data/movement-E2B8DE2A-1E7B-47EF-BB36-58020D996058,Jeffery Brown
10.50129,1.503826945461103,3.8552337597696704,470.3948670043073,0.03,False,2026-06-25T18:58:19.028Z,4658.311,8007,movement data/movement-E2B8DE2A-1E7B-47EF-BB36-58020D996058,Jeffery Brown
6.91293,1.3882409022655218,3.287188686777729,501.7740867312699,0.04,False,2026-06-25T18:58:20.074Z,4659.358,8112,movement data/movement-E2B8DE2A-1E7B-47EF-BB36-58020D996058,Jeffery Brown
10.79514,1.6505965710122226,4.751272443669262,597.6281920600801,0.03,True,2026-06-25T18:58:20.791Z,4660.075,8184,movement data/movement-E2B8DE2A-1E7B-47EF-BB36-58020D996058,Jeffery Brown
