peak_g_mag,std_g_mag,peak_sma150,peak_hp8_vertical,peak_rms150,peak_jerk_mag,max_elevated_dur,peak_hp8_planar,pitch_range,rot_x_range,is_event,impact_timestamp_iso8601,impact_elapsed_sec,impact_source_sample_idx,source_folder,athlete_name
5.9299,1.0447286285644035,3.0071185714285718,3.038564762965926,2.6965189845515027,338.2844077133913,0.021,0.9788506399970758,0.3877299999999999,4.11172,False,2026-06-25T20:01:14.530Z,568.761,52,movement data/movement-18751D3E-97C3-4174-AA3A-F1445FEA7D7E,Jeffery Brown
7.93886,1.358018174027662,3.793013333333333,4.104581893397517,3.284947295557926,367792.7022114499,0.02,1.1292619606094052,0.70811,5.11504,False,2026-06-25T20:01:15.147Z,569.379,114,movement data/movement-18751D3E-97C3-4174-AA3A-F1445FEA7D7E,Jeffery Brown
13.51083,2.614816037227987,7.64491875,8.976450712464215,6.55981338115127,7104550.383894819,0.05,2.9105883810857858,0.7283999999999999,12.032779999999999,True,2026-06-25T20:01:18.276Z,572.508,428,movement data/movement-18751D3E-97C3-4174-AA3A-F1445FEA7D7E,Jeffery Brown
6.74722,1.3590983478924037,5.071545625000001,2.2717980029461318,4.026406024360466,325.4700536239855,0.01,2.503706068991692,1.2704199999999999,4.49317,False,2026-06-25T20:01:19.372Z,573.603,538,movement data/movement-18751D3E-97C3-4174-AA3A-F1445FEA7D7E,Jeffery Brown
16.53241,1.9948188900994752,6.0203560000000005,2.9989457747979578,5.823764703476609,1208.3899297168111,0.04,9.405899985719548,0.38470000000000004,9.89029,True,2026-06-25T20:01:21.614Z,575.845,763,movement data/movement-18751D3E-97C3-4174-AA3A-F1445FEA7D7E,Jeffery Brown
14.02778,2.2277808090618336,5.370034,9.927864438430182,5.072128471754897,1081.7133643350255,0.03,2.729230133231012,0.60836,6.5049,False,2026-06-25T20:01:23.228Z,577.46,925,movement data/movement-18751D3E-97C3-4174-AA3A-F1445FEA7D7E,Jeffery Brown
29.23487,4.045191398685255,9.95641875,8.68146906322891,9.89054513968928,1833.400892257064,0.149,11.972275547603486,0.9394699999999999,27.28002,True,2026-06-25T20:01:26.118Z,580.349,1215,movement data/movement-18751D3E-97C3-4174-AA3A-F1445FEA7D7E,Jeffery Brown
5.95929,1.2141862214977528,2.9166673333333333,3.2684880869134894,2.65858235781779,368.0530713062995,0.01,2.3820492958802757,0.27120999999999995,5.85374,False,2026-06-25T20:01:27.981Z,582.212,1402,movement data/movement-18751D3E-97C3-4174-AA3A-F1445FEA7D7E,Jeffery Brown
5.91952,1.1692050988350424,3.408641875,3.155274700059589,2.894813638664845,372785.6996989021,0.06,1.0802473890170818,0.34037000000000006,4.71908,False,2026-06-25T20:14:53.482Z,1387.713,1555,movement data/movement-18751D3E-97C3-4174-AA3A-F1445FEA7D7E,Jeffery Brown
5.91952,1.1026463387728669,3.45333625,3.155274700059589,2.896575207864021,372785.6996989021,0.06,1.0802473890170818,1.05511,4.14954,False,2026-06-25T20:14:53.960Z,1388.192,1603,movement data/movement-18751D3E-97C3-4174-AA3A-F1445FEA7D7E,Jeffery Brown
10.9237,1.9186567830599977,5.3805925,8.060828827016316,4.581498813291072,825.7459320263104,0.029,2.1510569011189884,0.59049,8.87239,True,2026-06-25T20:14:56.829Z,1391.061,1891,movement data/movement-18751D3E-97C3-4174-AA3A-F1445FEA7D7E,Jeffery Brown
6.10517,1.2093073137415453,3.6195013333333335,2.2007056788504267,3.189564032227602,346.7404803092999,0.01,1.8097661040224264,1.75603,4.02043,False,2026-06-25T20:14:58.045Z,1392.276,2013,movement data/movement-18751D3E-97C3-4174-AA3A-F1445FEA7D7E,Jeffery Brown
8.89674,1.5194913768503704,6.29005125,4.52265249241429,4.820004800682905,545.1973720182036,0.08,1.850668332046965,0.6543699999999999,7.76873,True,2026-06-25T20:15:00.216Z,1394.448,2231,movement data/movement-18751D3E-97C3-4174-AA3A-F1445FEA7D7E,Jeffery Brown
8.89674,1.5848442833070915,6.29005125,4.52265249241429,4.820004800682905,545.1973720182036,0.08,1.850668332046965,0.56233,7.76873,True,2026-06-25T20:15:00.545Z,1394.777,2264,movement data/movement-18751D3E-97C3-4174-AA3A-F1445FEA7D7E,Jeffery Brown
5.84838,1.2078840257291934,3.204313125,3.25760005068099,2.5280827235476298,345.4123197050157,0.01,1.11343626116091,0.55642,5.49476,False,2026-06-25T20:15:01.681Z,1395.912,2378,movement data/movement-18751D3E-97C3-4174-AA3A-F1445FEA7D7E,Jeffery Brown
5.15663,1.102236304079552,3.2955625,2.633917273225328,2.827904516147366,229.6303449851522,0.02,1.3349530994157464,1.00602,5.49476,False,2026-06-25T20:15:02.328Z,1396.56,2443,movement data/movement-18751D3E-97C3-4174-AA3A-F1445FEA7D7E,Jeffery Brown
5.9173,1.0750885066908455,3.935457333333333,3.1048495027718914,3.2504572351932275,401.8757858605069,0.04,1.7276086633292518,0.51846,7.23169,False,2026-06-25T20:15:04.261Z,1398.492,2637,movement data/movement-18751D3E-97C3-4174-AA3A-F1445FEA7D7E,Jeffery Brown
12.20141,1.803583625796664,5.464275333333334,7.400291679972293,5.0648347598060885,949.5271626186463,0.03,3.74949341615957,0.6467300000000001,12.62426,True,2026-06-25T20:15:05.008Z,1399.239,2712,movement data/movement-18751D3E-97C3-4174-AA3A-F1445FEA7D7E,Jeffery Brown
8.5086,1.5698295378316314,3.836450666666667,4.485847974359939,3.6933201132052806,2172604.937626719,0.02,2.2734850023093007,0.9789500000000001,4.9622,False,2026-06-25T20:15:05.945Z,1400.176,2806,movement data/movement-18751D3E-97C3-4174-AA3A-F1445FEA7D7E,Jeffery Brown
5.04327,0.9146067538005671,2.859398,2.257191118702899,2.3794948293408837,254.22095518859177,0.031,1.146018440170976,0.59473,6.4759,False,2026-06-25T20:31:33.347Z,2387.579,2955,movement data/movement-18751D3E-97C3-4174-AA3A-F1445FEA7D7E,Jeffery Brown
5.04327,0.9096048732708827,3.263298,2.396852725866003,2.451533895307181,254.22095518859177,0.031,0.9292583046354136,1.1681599999999999,6.4759,False,2026-06-25T20:31:33.836Z,2388.067,3004,movement data/movement-18751D3E-97C3-4174-AA3A-F1445FEA7D7E,Jeffery Brown
5.48209,0.9533017745569686,3.439928,2.3358883662273344,2.6355843435931496,380.9553319025737,0.03,2.5444342112792886,0.67802,8.64375,False,2026-06-25T20:31:35.778Z,2390.009,3199,movement data/movement-18751D3E-97C3-4174-AA3A-F1445FEA7D7E,Jeffery Brown
13.53977,2.2067701431683338,7.041965,4.511041651822175,5.449014490422213,872.8678908769643,0.05,3.1732391663173307,1.14799,18.10762,True,2026-06-25T20:31:36.725Z,2390.956,3294,movement data/movement-18751D3E-97C3-4174-AA3A-F1445FEA7D7E,Jeffery Brown
7.47347,1.5938780152343672,4.3161906666666665,2.742823387066476,3.825967842473816,730.9146544877863,0.031,2.4547564562657933,0.5244,9.74513,False,2026-06-25T20:31:37.711Z,2391.942,3393,movement data/movement-18751D3E-97C3-4174-AA3A-F1445FEA7D7E,Jeffery Brown
12.5036,1.7961144395888875,6.845498666666667,5.876761858947693,5.684165155692318,1555.80282172292,0.04,3.187224994449243,1.42068,10.81299,True,2026-06-25T20:31:40.082Z,2394.313,3631,movement data/movement-18751D3E-97C3-4174-AA3A-F1445FEA7D7E,Jeffery Brown
4.27328,0.9804374836702762,3.407980666666667,1.879653774512424,2.768762672795678,220.9766268771428,0.02,1.0034168000797776,0.5329900000000001,5.9020399999999995,False,2026-06-25T20:31:40.779Z,2395.01,3701,movement data/movement-18751D3E-97C3-4174-AA3A-F1445FEA7D7E,Jeffery Brown
5.34132,1.1607988890805134,3.407980666666667,2.224325767368319,2.768762672795678,293.5499581757763,0.02,0.6978439222190748,0.53203,5.9020399999999995,False,2026-06-25T20:31:41.088Z,2395.319,3732,movement data/movement-18751D3E-97C3-4174-AA3A-F1445FEA7D7E,Jeffery Brown
6.50537,1.2379760501274844,3.395084375,2.8916766218715915,2.9798172363554865,293.5499581757763,0.021,1.877694411702903,0.746,6.3883,False,2026-06-25T20:31:41.556Z,2395.788,3779,movement data/movement-18751D3E-97C3-4174-AA3A-F1445FEA7D7E,Jeffery Brown
6.88471,1.2030884343024404,3.4564406666666665,3.488129315366302,3.0620762595271853,377.5934040605053,0.021,1.877694411702903,1.03055,5.60759,False,2026-06-25T20:31:42.134Z,2396.365,3837,movement data/movement-18751D3E-97C3-4174-AA3A-F1445FEA7D7E,Jeffery Brown
4.08947,0.7858607258937285,3.51954,1.583437253964218,2.443342091580199,241.08160338773257,0.03,1.1481079147236883,0.53501,4.45211,False,2026-06-25T20:31:43.947Z,2398.178,4019,movement data/movement-18751D3E-97C3-4174-AA3A-F1445FEA7D7E,Jeffery Brown
17.43887,2.6337420035091066,7.464709999999999,12.175341145247772,6.884702327644966,1517.79658726919,0.04,2.6334532296941973,0.70459,16.65359,True,2026-06-25T20:31:44.664Z,2398.895,4091,movement data/movement-18751D3E-97C3-4174-AA3A-F1445FEA7D7E,Jeffery Brown
5.54082,1.0390844862643402,3.5271773333333334,2.265850031291397,2.9170471115999024,511.2775879007247,0.02,2.4021315951225937,0.91893,5.943160000000001,False,2026-06-24T18:27:32.715Z,2419.682,154,movement data/movement-2F266230-0215-48E3-BA1D-C8468FFCC3D0,Cael McCarthy
7.69721,1.361014759332714,5.576813124999999,3.743057879639841,4.338966485044566,430.1305170456986,0.025,1.936371983897196,0.8757800000000001,5.56814,False,2026-06-24T18:27:33.461Z,2420.428,229,movement data/movement-2F266230-0215-48E3-BA1D-C8468FFCC3D0,Cael McCarthy
4.30662,0.7895448737096507,5.429698125,1.731033539086973,4.096238475556721,278.23929866573485,0.0,1.4495344279717757,0.86361,4.6779399999999995,False,2026-06-24T18:27:34.098Z,2421.065,293,movement data/movement-2F266230-0215-48E3-BA1D-C8468FFCC3D0,Cael McCarthy
8.1595,1.4556001305259723,5.473845333333333,3.201523208640059,4.596474687173494,703.12415747843,0.059,3.15039877644785,0.5147999999999999,12.30956,True,2026-06-24T18:27:35.949Z,2422.916,479,movement data/movement-2F266230-0215-48E3-BA1D-C8468FFCC3D0,Cael McCarthy
5.34474,1.0768263507630942,5.379551875,1.7838466948606213,4.498405221633412,375.20515575348907,0.038,1.840766693381591,0.77526,11.97917,False,2026-06-24T18:27:36.595Z,2423.562,544,movement data/movement-2F266230-0215-48E3-BA1D-C8468FFCC3D0,Cael McCarthy
6.35688,1.1407387745189737,4.439527333333333,3.640942615435797,3.622494560088853,391.7634215181976,0.02,2.148370275255176,0.77123,10.10806,False,2026-06-24T18:27:37.461Z,2424.428,631,movement data/movement-2F266230-0215-48E3-BA1D-C8468FFCC3D0,Cael McCarthy
13.55335,2.3057647037127675,7.943808,3.960136151458873,6.936475208462869,1461.7216004718546,0.1,4.747454084135656,0.55825,15.232429999999999,True,2026-06-24T18:27:40.148Z,2427.115,901,movement data/movement-2F266230-0215-48E3-BA1D-C8468FFCC3D0,Cael McCarthy
7.19846,1.4372910482644732,5.88901625,2.7885879744210644,4.13647176375063,15160.280340415917,0.021,1.7185180769112407,0.9656600000000001,7.99811,False,2026-06-24T18:27:41.641Z,2428.608,1051,movement data/movement-2F266230-0215-48E3-BA1D-C8468FFCC3D0,Cael McCarthy
14.76993,2.2885034282225876,7.92769375,2.0886472075437723,6.612106964889986,1236.2089168930954,0.079,6.642241355918953,0.66346,15.94415,True,2026-06-24T18:27:44.109Z,2431.076,1299,movement data/movement-2F266230-0215-48E3-BA1D-C8468FFCC3D0,Cael McCarthy
5.34441,1.0101660781263977,3.281245333333333,2.4640370611888103,2.7311406861126724,300.4118129651362,0.02,1.3272238535556613,0.30738,7.170389999999999,False,2026-06-24T18:27:45.417Z,2432.384,1431,movement data/movement-2F266230-0215-48E3-BA1D-C8468FFCC3D0,Cael McCarthy
7.9963,1.5717862686469144,6.595212666666667,3.7266767218329977,4.552204220140685,598.0367387962046,0.029,2.2720292587654973,0.86917,7.457050000000001,False,2026-06-24T18:42:49.982Z,3336.949,1650,movement data/movement-2F266230-0215-48E3-BA1D-C8468FFCC3D0,Cael McCarthy
25.09862,3.1052853192885244,9.375952666666668,12.79208981720494,9.22566764476371,2154.40285042663,0.069,8.743956104694334,1.2900099999999999,30.953470000000003,True,2026-06-24T18:42:52.341Z,3339.308,1887,movement data/movement-2F266230-0215-48E3-BA1D-C8468FFCC3D0,Cael McCarthy
5.77745,1.2936942246024685,3.8831566666666655,1.6711044895344305,3.1960044160597363,581335.967750147,0.017,3.846190026074296,1.10542,8.99533,False,2026-06-24T18:42:54.520Z,3341.487,2106,movement data/movement-2F266230-0215-48E3-BA1D-C8468FFCC3D0,Cael McCarthy
18.11513,2.3045029357552775,7.791785625,4.184233339942067,6.867342874144901,8761436.975627914,0.099,10.12393329893571,0.56484,15.741109999999999,True,2026-06-24T18:42:56.411Z,3343.378,2296,movement data/movement-2F266230-0215-48E3-BA1D-C8468FFCC3D0,Cael McCarthy
9.77104,1.5794750431832698,5.646574375,4.4256513721840935,4.522007433745548,693.3412896503423,0.03,2.39872142191886,0.85293,6.5968800000000005,True,2026-06-24T18:42:58.013Z,3344.98,2457,movement data/movement-2F266230-0215-48E3-BA1D-C8468FFCC3D0,Cael McCarthy
9.38312,1.4842623229986425,5.995792,2.5981369400029144,4.734189012044196,734.2065683593412,0.07,3.3834613407824112,0.7260699999999999,12.123999999999999,False,2026-06-24T18:43:00.471Z,3347.438,2704,movement data/movement-2F266230-0215-48E3-BA1D-C8468FFCC3D0,Cael McCarthy
4.83517,0.9697063060921443,4.205622666666667,1.9626121071944176,3.2900137784291013,327.8839676852163,0.07,1.3606912269534706,0.5289000000000001,9.67147,False,2026-06-24T18:43:01.207Z,3348.174,2778,movement data/movement-2F266230-0215-48E3-BA1D-C8468FFCC3D0,Cael McCarthy
5.7967,1.0221170308960923,3.030491333333333,1.4485450554451935,2.619196110030709,543.7388757639093,0.01,1.8309610860439356,0.13056999999999985,6.58978,False,2026-06-24T18:43:02.113Z,3349.08,2869,movement data/movement-2F266230-0215-48E3-BA1D-C8468FFCC3D0,Cael McCarthy
6.37037,1.0304433897433196,5.158331333333333,1.9412311438693932,3.4303956065493866,496.8256069215837,0.016,2.0346913983068955,1.10958,7.56541,False,2026-06-24T18:56:40.885Z,4167.852,2973,movement data/movement-2F266230-0215-48E3-BA1D-C8468FFCC3D0,Cael McCarthy
6.80131,1.3712937116310635,7.18995875,2.585919196611992,4.901945494220891,442.51575021348106,0.039,1.7054952692397694,0.7451099999999999,9.3537,False,2026-06-24T18:56:41.955Z,4168.922,3081,movement data/movement-2F266230-0215-48E3-BA1D-C8468FFCC3D0,Cael McCarthy
20.73097,3.2328345545312014,10.966717333333332,17.907117312856787,9.541615217465369,3156.41383919461,0.07,5.603843103779822,1.11867,25.138579999999997,True,2026-06-24T18:56:44.398Z,4171.365,3326,movement data/movement-2F266230-0215-48E3-BA1D-C8468FFCC3D0,Cael McCarthy
6.54976,1.2064543577180988,4.609148666666667,2.309289846594445,3.200849456974403,731.6108589447849,0.04,4.965416922553033,0.94757,14.34638,False,2026-06-24T18:56:45.084Z,4172.051,3395,movement data/movement-2F266230-0215-48E3-BA1D-C8468FFCC3D0,Cael McCarthy
8.43913,1.62563977334625,4.663581333333334,2.2958704129927376,3.6143838981473273,807.6657537799903,0.007,5.3041493309431385,0.47514,9.06583,True,2026-06-24T18:56:45.999Z,4172.966,3487,movement data/movement-2F266230-0215-48E3-BA1D-C8468FFCC3D0,Cael McCarthy
7.24198,1.5223670037520487,5.96431,2.187312247565844,4.586717264574596,778.4414445165418,0.08,2.6268733923824104,0.99246,11.961160000000001,False,2026-06-24T18:56:48.487Z,4175.454,3737,movement data/movement-2F266230-0215-48E3-BA1D-C8468FFCC3D0,Cael McCarthy
7.90069,1.5161152448788044,5.708786,3.0504325399767063,4.074685960618315,358.52340016378287,0.04,0.877258235147271,0.79457,7.47472,False,2026-06-24T18:56:49.930Z,4176.897,3882,movement data/movement-2F266230-0215-48E3-BA1D-C8468FFCC3D0,Cael McCarthy
11.5052,1.9857817914110911,7.256779333333333,5.947970572589359,6.178412505750972,1293.19930224033,0.06,4.325614444713941,0.64055,12.502410000000001,False,2026-06-24T19:10:21.688Z,4988.655,3965,movement data/movement-2F266230-0215-48E3-BA1D-C8468FFCC3D0,Cael McCarthy
8.57188,1.9533555869237476,6.04237,2.973369312832199,4.607757146210435,382.61848305913327,0.038,1.8454450341732036,0.9263899999999999,9.54907,False,2026-06-24T19:10:23.279Z,4990.247,4125,movement data/movement-2F266230-0215-48E3-BA1D-C8468FFCC3D0,Cael McCarthy
24.59128,3.1054581065960987,9.928922,8.792607517398261,9.154304761513025,1780.4636592261577,0.03,12.268664776734203,1.44624,25.052410000000002,True,2026-06-24T19:10:25.817Z,4992.784,4380,movement data/movement-2F266230-0215-48E3-BA1D-C8468FFCC3D0,Cael McCarthy
7.69732,1.3269660375332866,9.928922,3.4088862181183863,9.154304761513025,463.6141800084832,0.02,2.600868129997861,0.4572799999999999,12.507079999999998,False,2026-06-24T19:10:26.424Z,4993.391,4441,movement data/movement-2F266230-0215-48E3-BA1D-C8468FFCC3D0,Cael McCarthy
7.81676,1.374080193485615,5.305696666666666,3.287570916484434,4.07437221801347,762.4913913575971,0.037,4.424449113461619,1.1989100000000001,10.572289999999999,False,2026-06-24T19:19:54.463Z,5561.43,4564,movement data/movement-2F266230-0215-48E3-BA1D-C8468FFCC3D0,Cael McCarthy
7.80949,1.15939321986371,5.111599333333333,3.287570916484434,4.07437221801347,762.4913913575971,0.01,4.424449113461619,1.1879899999999999,6.15186,False,2026-06-24T19:19:54.971Z,5561.938,4615,movement data/movement-2F266230-0215-48E3-BA1D-C8468FFCC3D0,Cael McCarthy
5.23886,1.1116802764997293,4.23694375,2.4159990406146603,2.9577907849028557,438.51124324082167,0.011,2.3947687660655537,0.32126999999999994,10.47496,False,2026-06-24T19:19:55.618Z,5562.585,4680,movement data/movement-2F266230-0215-48E3-BA1D-C8468FFCC3D0,Cael McCarthy
6.32879,1.335736289228121,6.720523125000001,2.4159990406146603,4.6361461379678,447.2680203423755,0.059,1.8047097199912023,1.1316700000000002,6.442399999999999,False,2026-06-24T19:19:56.214Z,5563.181,4740,movement data/movement-2F266230-0215-48E3-BA1D-C8468FFCC3D0,Cael McCarthy
5.00649,0.9283749392926192,4.859458000000001,2.628251693536157,3.302423560996782,349.5430838645142,0.017,2.399251336794892,2.17041,10.00103,False,2026-06-24T19:19:56.862Z,5563.829,4805,movement data/movement-2F266230-0215-48E3-BA1D-C8468FFCC3D0,Cael McCarthy
9.82232,1.9464419525629295,7.640270625,2.692818306848364,6.025255661020535,802.2657976867766,0.07,3.816137847037917,0.82168,17.68871,True,2026-06-24T19:19:58.463Z,5565.43,4966,movement data/movement-2F266230-0215-48E3-BA1D-C8468FFCC3D0,Cael McCarthy
8.47781,1.4545022457564492,6.045066,3.241594749159185,4.749787235608209,509.2051142683074,0.088,2.758694543441812,0.45861,14.13932,True,2026-06-24T19:20:02.800Z,5569.767,5402,movement data/movement-2F266230-0215-48E3-BA1D-C8468FFCC3D0,Cael McCarthy
4.64271,0.957109616456012,6.045066,1.547357542097798,4.749787235608209,319.1729329517151,0.088,1.427986967831308,0.8384499999999999,10.53345,False,2026-06-24T19:20:03.350Z,5570.317,5457,movement data/movement-2F266230-0215-48E3-BA1D-C8468FFCC3D0,Cael McCarthy
9.00037,2.0096986511501105,6.47403,3.0925790809894056,5.011712505867689,1664149.02103147,0.06,2.825565502024952,0.90125,7.6275200000000005,False,2026-06-24T19:20:04.325Z,5571.292,5554,movement data/movement-2F266230-0215-48E3-BA1D-C8468FFCC3D0,Cael McCarthy
6.82064,1.3812386295648906,8.744736,0.9850392956421626,5.393942982000582,235.14032780023084,0.11,1.4598881316308283,1.4272200000000002,7.28271,False,2026-06-24T19:20:05.330Z,5572.297,5656,movement data/movement-2F266230-0215-48E3-BA1D-C8468FFCC3D0,Cael McCarthy
15.18215,2.414061423018298,8.652264,6.005789844178714,7.260207739901111,913.3874233396252,0.04,5.334489471470872,0.96086,14.1572,True,2026-06-24T19:20:06.773Z,5573.74,5801,movement data/movement-2F266230-0215-48E3-BA1D-C8468FFCC3D0,Cael McCarthy
4.92336,1.2042774968054952,3.1966806666666665,2.2145754461131446,2.7612341794651662,432.40054725797927,0.019,2.3201857479575243,0.27156,10.50624,False,2026-06-24T19:20:07.878Z,5574.845,5912,movement data/movement-2F266230-0215-48E3-BA1D-C8468FFCC3D0,Cael McCarthy
9.7271,1.3042811346910843,4.564499333333333,2.896909392006051,3.787979629056453,674.5253520370754,0.03,3.439404454632698,1.02709,9.45214,False,2026-06-24T19:29:45.390Z,6152.357,5964,movement data/movement-2F266230-0215-48E3-BA1D-C8468FFCC3D0,Cael McCarthy
7.51755,1.3692072487349012,6.532348,2.7790644396088853,4.503235792678416,661.9151623591954,0.02,2.3156752398251004,0.95792,6.98321,False,2026-06-24T19:29:47.112Z,6154.079,6137,movement data/movement-2F266230-0215-48E3-BA1D-C8468FFCC3D0,Cael McCarthy
8.09824,1.2666690804841783,6.17161125,1.9663651876018056,4.312093737279056,427.691675287233,0.079,3.662815944564109,0.7037899999999999,10.49218,True,2026-06-24T19:29:49.282Z,6156.249,6355,movement data/movement-2F266230-0215-48E3-BA1D-C8468FFCC3D0,Cael McCarthy
5.40855,1.1301690125555524,3.8094893333333335,2.676293419892866,3.1140059825911277,405.2918316090271,0.03,1.7279976495668063,0.68813,6.164899999999999,False,2026-06-24T19:29:50.147Z,6157.114,6442,movement data/movement-2F266230-0215-48E3-BA1D-C8468FFCC3D0,Cael McCarthy
15.23239,1.7448685378670046,5.254983125,3.8928129330833374,4.966768733821694,1353.931105537948,0.051,6.8313956807359295,0.53452,10.32127,True,2026-06-24T19:29:53.532Z,6160.499,6782,movement data/movement-2F266230-0215-48E3-BA1D-C8468FFCC3D0,Cael McCarthy
5.36772,0.8667763148579982,3.045016,1.7619662404558991,2.272094429873569,539.2663654948266,0.02,2.3839438905308,0.48749,5.6676,False,2026-06-24T19:29:54.337Z,6161.304,6863,movement data/movement-2F266230-0215-48E3-BA1D-C8468FFCC3D0,Cael McCarthy
6.29769,1.3416448684475943,4.587240666666667,1.8812514228904165,3.481825083712085,305.48777283714645,0.035,1.8727862447528172,1.03158,8.21018,False,2026-06-24T19:29:55.303Z,6162.27,6960,movement data/movement-2F266230-0215-48E3-BA1D-C8468FFCC3D0,Cael McCarthy
13.90669,2.218826419665313,6.653761333333334,7.918948712426663,6.381081995375078,77042.04306740563,0.065,5.532292528581956,0.7722600000000001,18.04364,True,2026-06-24T19:29:57.582Z,6164.549,7189,movement data/movement-2F266230-0215-48E3-BA1D-C8468FFCC3D0,Cael McCarthy
5.83677,1.2079284657950067,3.6630006666666666,2.239936050499645,3.2354264236521693,513.4892296407005,0.03,3.2001598523188544,0.5209900000000001,9.346969999999999,False,2026-06-24T19:29:58.577Z,6165.544,7289,movement data/movement-2F266230-0215-48E3-BA1D-C8468FFCC3D0,Cael McCarthy
11.27128,1.3759291384510153,4.768366666666667,3.247388198345696,4.126045050233941,1112.0015564759608,0.04,5.823160586447111,0.92449,8.867750000000001,False,2026-06-24T19:41:29.066Z,6856.033,7376,movement data/movement-2F266230-0215-48E3-BA1D-C8468FFCC3D0,Cael McCarthy
4.91739,1.0478059539255358,5.097582000000001,2.240859796400808,3.393787413651966,468.2056100807754,0.02,1.7021645587300802,0.4550900000000001,7.507149999999999,False,2026-06-24T19:41:29.902Z,6856.869,7460,movement data/movement-2F266230-0215-48E3-BA1D-C8468FFCC3D0,Cael McCarthy
12.22127,1.7847497522381226,7.881416,7.012360148117286,5.939062491696816,2090.0007021624438,0.04,4.987342312301143,0.9673700000000001,7.009359999999999,True,2026-06-24T19:41:30.769Z,6857.736,7547,movement data/movement-2F266230-0215-48E3-BA1D-C8468FFCC3D0,Cael McCarthy
4.40622,0.9952096389683358,5.381618666666666,1.8869782973295512,3.475871430734073,304.2686289876102,0.0,1.2067604191024632,1.86008,13.10463,False,2026-06-24T19:41:31.604Z,6858.571,7631,movement data/movement-2F266230-0215-48E3-BA1D-C8468FFCC3D0,Cael McCarthy
6.69775,1.1539801856291867,4.8935075,1.0323311070329175,3.373447766418406,527594.7719604506,0.021,3.064496222346157,0.8526900000000001,7.582420000000001,False,2026-06-24T19:41:32.962Z,6859.929,7768,movement data/movement-2F266230-0215-48E3-BA1D-C8468FFCC3D0,Cael McCarthy
6.69775,1.152535003252851,4.8935075,1.6650172625004234,3.373447766418406,527594.7719604506,0.03,3.064496222346157,1.0681100000000001,7.5104299999999995,False,2026-06-24T19:41:33.421Z,6860.388,7814,movement data/movement-2F266230-0215-48E3-BA1D-C8468FFCC3D0,Cael McCarthy
5.19933,1.0901176797022267,3.869271333333333,1.7298205718643764,3.168219609067528,527594.7719604506,0.03,1.6288159020067328,0.98199,5.934699999999999,False,2026-06-24T19:41:33.747Z,6860.714,7847,movement data/movement-2F266230-0215-48E3-BA1D-C8468FFCC3D0,Cael McCarthy
5.06884,1.1101635790134534,4.221212666666667,1.771018462738798,3.2687240782696847,259.40290549692565,0.031,0.8387763462780995,0.9379599999999999,7.37171,False,2026-06-24T19:41:34.673Z,6861.64,7940,movement data/movement-2F266230-0215-48E3-BA1D-C8468FFCC3D0,Cael McCarthy
12.46272,1.9536832729518774,6.05910625,3.3684992844249417,5.434495675631119,1125.5013363359458,0.085,4.710475219033852,0.61233,15.56799,True,2026-06-24T19:41:37.247Z,6864.214,8198,movement data/movement-2F266230-0215-48E3-BA1D-C8468FFCC3D0,Cael McCarthy
9.47845,1.8519133109925598,5.367837499999999,3.456650573389019,4.452858997784457,535.3980441296469,0.05,2.125791554038351,1.10754,10.62536,False,2026-06-24T19:41:38.950Z,6865.917,8369,movement data/movement-2F266230-0215-48E3-BA1D-C8468FFCC3D0,Cael McCarthy
20.01608,2.709095984837224,8.660857333333333,7.712825782838784,7.879012682152927,1694.6604943692998,0.07,9.429289937009354,0.84416,18.91037,True,2026-06-24T19:41:41.288Z,6868.255,8604,movement data/movement-2F266230-0215-48E3-BA1D-C8468FFCC3D0,Cael McCarthy
5.53281,1.0667885163944768,5.097909333333333,2.919424228288519,3.768504720717047,571.5975422952761,0.038,2.122114659669598,0.7577100000000001,12.09551,False,2026-06-24T19:41:41.945Z,6868.912,8670,movement data/movement-2F266230-0215-48E3-BA1D-C8468FFCC3D0,Cael McCarthy
5.53281,1.1930665735055475,4.020404666666667,2.919424228288519,3.000061797541288,571.5975422952761,0.038,1.8943263680676812,0.3553900000000001,12.09551,False,2026-06-24T19:41:42.363Z,6869.33,8712,movement data/movement-2F266230-0215-48E3-BA1D-C8468FFCC3D0,Cael McCarthy
6.29313,1.2407568924943984,4.956303125000001,1.511766219813906,3.623654523936264,781.046615258014,0.04,1.7520326409425495,1.25793,12.94506,False,2026-06-24T20:51:30.160Z,11057.127,8815,movement data/movement-2F266230-0215-48E3-BA1D-C8468FFCC3D0,Cael McCarthy
10.16307,1.6594407203501478,6.545838,4.289586219618298,4.554230622843629,1006.5323713629692,0.03,4.43548008860785,0.59497,13.877839999999999,True,2026-06-24T20:51:30.966Z,11057.933,8896,movement data/movement-2F266230-0215-48E3-BA1D-C8468FFCC3D0,Cael McCarthy
6.94079,1.500397204717834,6.2015,2.6053002350230883,4.490899009151731,720.16367580155,0.02,2.347060128462549,0.62559,5.07186,False,2026-06-24T20:51:31.613Z,11058.58,8961,movement data/movement-2F266230-0215-48E3-BA1D-C8468FFCC3D0,Cael McCarthy
8.36026,1.447443398157545,4.7498000000000005,3.822750244019007,3.760423197389989,848.3366206046985,0.03,3.85670192611166,1.8672499999999999,11.354980000000001,False,2026-06-24T20:51:33.882Z,11060.849,9189,movement data/movement-2F266230-0215-48E3-BA1D-C8468FFCC3D0,Cael McCarthy
7.93054,1.497347159692702,5.063851333333333,3.144640644575634,3.840114522182032,893.8091865331213,0.05,3.441539566497109,0.84927,23.57286,False,2026-06-24T20:51:35.206Z,11062.173,9322,movement data/movement-2F266230-0215-48E3-BA1D-C8468FFCC3D0,Cael McCarthy
7.93054,1.4883376515921067,5.063851333333333,3.144640644575634,3.840114522182032,893.8091865331213,0.019,3.441539566497109,1.23608,14.4116,False,2026-06-24T20:51:35.690Z,11062.657,9371,movement data/movement-2F266230-0215-48E3-BA1D-C8468FFCC3D0,Cael McCarthy
17.21729,2.5152451881790374,10.545686666666668,9.942975180506204,7.854271478384654,1774.8626545831653,0.099,6.396513875462943,1.74726,31.80493,True,2026-06-24T20:51:38.261Z,11065.228,9629,movement data/movement-2F266230-0215-48E3-BA1D-C8468FFCC3D0,Cael McCarthy
6.57667,1.1911793797036052,4.370742000000001,1.907090146060256,3.3599293232903973,675.1680864401267,0.02,3.675227874022865,0.9667299999999999,13.07245,False,2026-06-25T17:44:31.381Z,746.864,48,movement data/movement-46814A23-934C-4626-AB52-B662E6EA33A1,Cael McCarthy
7.10366,1.4225583409074742,7.05274,3.826153369641084,4.8891599785130095,720.0362269636161,0.059,2.3811253281811826,0.36271,6.5907,True,2026-06-25T17:44:33.072Z,748.556,218,movement data/movement-46814A23-934C-4626-AB52-B662E6EA33A1,Cael McCarthy
18.6982,2.7825544079388207,9.936650666666669,8.276128064575595,8.325518539793983,2673.927308170138,0.092,8.530171556934983,1.10296,25.36666,True,2026-06-25T17:44:35.620Z,751.103,474,movement data/movement-46814A23-934C-4626-AB52-B662E6EA33A1,Cael McCarthy
6.75864,1.2429116312392454,4.516715,2.1027675245106763,3.180143020100472,688.2926386962679,0.01,3.8567344993368553,0.36553,14.10875,True,2026-06-25T17:44:37.132Z,752.616,626,movement data/movement-46814A23-934C-4626-AB52-B662E6EA33A1,Cael McCarthy
6.3212,1.1162870153041629,4.516715,3.0806251694056783,3.171005362165326,818.9867966155227,0.0,3.1322826501736847,1.38895,11.40823,False,2026-06-25T17:44:37.696Z,753.18,683,movement data/movement-46814A23-934C-4626-AB52-B662E6EA33A1,Cael McCarthy
7.24576,1.2675664608374817,4.943409333333333,1.6965335851319503,4.004530970320994,231.97015735219043,0.05,2.21787059309871,0.7035,9.81802,True,2026-06-25T17:44:39.561Z,755.044,870,movement data/movement-46814A23-934C-4626-AB52-B662E6EA33A1,Cael McCarthy
4.49569,0.8723351104161817,4.943409333333333,1.5789812033349906,4.004530970320994,237.30270234870903,0.05,2.21787059309871,0.76793,10.8692,False,2026-06-25T17:44:40.078Z,755.562,922,movement data/movement-46814A23-934C-4626-AB52-B662E6EA33A1,Cael McCarthy
5.8976,1.2971688822236396,5.831957333333333,2.3215135658482065,3.937767922257481,811.7166752950193,0.04,2.057312636956557,1.33783,8.27272,True,2026-06-25T17:44:41.093Z,756.577,1024,movement data/movement-46814A23-934C-4626-AB52-B662E6EA33A1,Cael McCarthy
11.84467,1.8624858109533486,6.360557999999999,2.290401145937789,5.716150408012371,1083.7923858275524,0.05,4.420182112804876,1.50514,20.815649999999998,True,2026-06-25T17:44:43.631Z,759.114,1279,movement data/movement-46814A23-934C-4626-AB52-B662E6EA33A1,Cael McCarthy
4.94649,1.0140397345269812,3.3045093750000003,2.309559741614313,2.54578222319454,361.7975638088239,0.01,1.387755197302738,0.58012,15.78119,False,2026-06-25T17:44:44.686Z,760.169,1385,movement data/movement-46814A23-934C-4626-AB52-B662E6EA33A1,Cael McCarthy
5.77229,1.1604337863966865,4.127684374999999,1.2573470668060278,3.0382373246403085,846.3115963786623,0.03,2.7902305677104486,0.6980899999999999,10.72583,False,2026-06-25T17:54:37.573Z,1353.056,1481,movement data/movement-46814A23-934C-4626-AB52-B662E6EA33A1,Cael McCarthy
5.77229,1.2446175174475995,4.540136,1.2573470668060278,3.149664712798279,846.3115963786623,0.03,2.7902305677104486,1.23484,10.72583,False,2026-06-25T17:54:37.901Z,1353.384,1514,movement data/movement-46814A23-934C-4626-AB52-B662E6EA33A1,Cael McCarthy
6.06467,1.085392951995308,4.540136,2.1166378194377624,3.149664712798279,449.27128205239205,0.029,1.4021329114496814,0.6770200000000001,11.29748,False,2026-06-25T17:54:38.677Z,1354.16,1592,movement data/movement-46814A23-934C-4626-AB52-B662E6EA33A1,Cael McCarthy
6.47574,1.2851044095846071,6.736153750000001,3.4001640890774,4.612155933594803,516.0926907867143,0.04,1.918089441174582,0.59324,7.6893899999999995,True,2026-06-25T17:54:39.214Z,1354.698,1646,movement data/movement-46814A23-934C-4626-AB52-B662E6EA33A1,Cael McCarthy
4.17623,0.8783868219072037,4.942751250000001,2.2849883380009834,3.3268489190608355,514.6534879411583,0.0,1.3685732577644405,1.58561,12.56428,False,2026-06-25T17:54:40.011Z,1355.494,1726,movement data/movement-46814A23-934C-4626-AB52-B662E6EA33A1,Cael McCarthy
11.60954,1.9692884856465642,7.733299333333334,2.866377610844467,5.9637948343522575,1233.9370976775922,0.089,4.881565200715115,1.55027,20.51949,True,2026-06-25T17:54:41.671Z,1357.154,1893,movement data/movement-46814A23-934C-4626-AB52-B662E6EA33A1,Cael McCarthy
4.78506,1.008376571403857,5.1529806250000005,1.900434186448943,4.164454229460176,283905.06969760155,0.01,1.5917454334908296,1.05974,9.511050000000001,False,2026-06-25T17:54:42.324Z,1357.807,1959,movement data/movement-46814A23-934C-4626-AB52-B662E6EA33A1,Cael McCarthy
6.41972,1.2174607397317003,4.160081875,2.2377396312908875,3.0347417645246195,1114976.596974125,0.02,1.9292655680046784,0.8700000000000001,8.44164,True,2026-06-25T17:54:43.200Z,1358.683,2047,movement data/movement-46814A23-934C-4626-AB52-B662E6EA33A1,Cael McCarthy
5.86129,0.8574453453186125,3.76013875,1.7678336997840196,2.766865706484505,247.36119755531587,0.01,3.034446094754583,0.8025599999999999,6.54357,False,2026-06-25T17:54:43.996Z,1359.48,2127,movement data/movement-46814A23-934C-4626-AB52-B662E6EA33A1,Cael McCarthy
9.52335,1.544093929514178,6.184971333333334,2.255824634058738,4.863141489771812,523.6354082126227,0.09,2.1330191951180946,0.5611400000000001,16.49054,True,2026-06-25T17:54:45.932Z,1361.416,2321,movement data/movement-46814A23-934C-4626-AB52-B662E6EA33A1,Cael McCarthy
7.5331,1.443098151063623,5.247297499999999,3.6171358323894527,4.007980453390772,431.5802822773734,0.03,1.5806215050319734,1.3317,8.14657,True,2026-06-25T17:54:47.335Z,1362.819,2462,movement data/movement-46814A23-934C-4626-AB52-B662E6EA33A1,Cael McCarthy
11.7722,1.7492176371947625,5.663176875,2.720707734789028,5.060534202144408,597.90697101974,0.04,4.764132502502313,1.5574400000000002,20.90726,True,2026-06-25T17:54:49.823Z,1365.307,2712,movement data/movement-46814A23-934C-4626-AB52-B662E6EA33A1,Cael McCarthy
4.9498,0.9795635522050795,4.1196253333333335,2.5168359599960253,3.008778533157185,457.1929944574829,0.03,2.2766247116299296,0.6349399999999998,14.41232,False,2026-06-25T17:54:50.490Z,1365.974,2779,movement data/movement-46814A23-934C-4626-AB52-B662E6EA33A1,Cael McCarthy
4.68945,0.9585650136464491,3.7955933333333336,1.872430024915724,2.812938722037862,457.1929944574829,0.03,2.2766247116299296,0.33275000000000005,9.00956,False,2026-06-25T17:54:50.858Z,1366.342,2816,movement data/movement-46814A23-934C-4626-AB52-B662E6EA33A1,Cael McCarthy
20.98709,2.486027771135872,6.736361875,4.295321803183265,6.524430916046241,1908.8364265547089,0.049,10.316674498607222,0.82226,21.15847,False,2026-06-25T18:27:55.168Z,3350.652,2906,movement data/movement-46814A23-934C-4626-AB52-B662E6EA33A1,Cael McCarthy
11.57405,1.850266467882124,7.556441333333334,4.78119581232189,5.697012894944741,1065.9390659418575,0.03,2.6293561999185124,1.34062,10.073820000000001,True,2026-06-25T18:27:56.730Z,3352.214,3063,movement data/movement-46814A23-934C-4626-AB52-B662E6EA33A1,Cael McCarthy
4.43356,0.9184098207500929,4.008521333333333,1.812595411420017,2.8721606210099044,382.6946215078021,0.0,2.3839789085346603,1.83331,11.58061,False,2026-06-25T18:27:57.665Z,3353.148,3157,movement data/movement-46814A23-934C-4626-AB52-B662E6EA33A1,Cael McCarthy
17.64762,2.683798898752672,8.491900000000001,7.102036059627814,7.538964767598621,1476.1608251110692,0.039,6.990085212572793,0.92633,7.32058,True,2026-06-25T18:27:59.397Z,3354.881,3331,movement data/movement-46814A23-934C-4626-AB52-B662E6EA33A1,Cael McCarthy
4.95083,0.9905267785953769,3.3389986666666664,2.023766146870187,2.6906232977583464,574304.9616710622,0.01,1.4534412782322397,1.00336,4.2796,True,2026-06-25T18:28:00.989Z,3356.473,3491,movement data/movement-46814A23-934C-4626-AB52-B662E6EA33A1,Cael McCarthy
7.40418,1.2271191328331768,5.256469375000001,3.4288393279799263,3.8741663613935495,395.1499374591877,0.12,2.287260428621104,0.4652799999999999,6.19247,True,2026-06-25T18:28:03.437Z,3358.921,3737,movement data/movement-46814A23-934C-4626-AB52-B662E6EA33A1,Cael McCarthy
4.03046,0.9280283405226523,5.256469375000001,1.4450280492579213,3.8741663613935495,268.0543072159073,0.12,1.6976770853251593,0.22453999999999996,6.336320000000001,False,2026-06-25T18:28:03.984Z,3359.467,3792,movement data/movement-46814A23-934C-4626-AB52-B662E6EA33A1,Cael McCarthy
7.85345,1.6206298005700754,4.862919375000001,3.1187267435104458,3.853336049392353,228532.28240229,0.03,2.856193055831954,0.92621,9.41798,True,2026-06-25T18:28:05.597Z,3361.08,3954,movement data/movement-46814A23-934C-4626-AB52-B662E6EA33A1,Cael McCarthy
19.34529,2.4365649984951077,6.877450666666666,4.437232807576387,6.982353103532743,994.7522749588474,0.05,7.175269029166303,0.78668,8.593350000000001,True,2026-06-25T18:28:07.397Z,3362.881,4135,movement data/movement-46814A23-934C-4626-AB52-B662E6EA33A1,Cael McCarthy
4.94786,1.0561247344910083,6.819130666666666,1.7403661983984615,6.967617094869187,409.59403450245713,0.02,1.6747329286679928,0.71753,9.12317,False,2026-06-25T18:28:07.995Z,3363.479,4195,movement data/movement-46814A23-934C-4626-AB52-B662E6EA33A1,Cael McCarthy
13.19277,2.0446078972199047,5.4182326666666665,4.513457713119718,4.538256416583356,1372.7645246453203,0.049,6.335607907337361,1.04279,14.38318,False,2026-06-25T18:38:23.324Z,3978.807,4356,movement data/movement-46814A23-934C-4626-AB52-B662E6EA33A1,Cael McCarthy
8.22648,1.5336009743460741,7.746160666666666,4.290781273401108,5.2870730915356186,602.4069335375168,0.031,2.4415597314555533,1.0081,7.5123,True,2026-06-25T18:38:24.697Z,3980.18,4494,movement data/movement-46814A23-934C-4626-AB52-B662E6EA33A1,Cael McCarthy
16.03533,2.6781497996066257,8.804346666666667,9.654501666569091,7.759350358008501,1324.504430081304,0.05,6.194337489775035,0.56749,13.19589,True,2026-06-25T18:38:27.404Z,3982.887,4766,movement data/movement-46814A23-934C-4626-AB52-B662E6EA33A1,Cael McCarthy
4.64025,0.9501431715827081,3.396525625,1.9044120334663512,2.6487899971248656,259.002075213694,0.02,0.9275657722905248,0.5173800000000001,6.1796500000000005,True,2026-06-25T18:38:28.757Z,3984.241,4902,movement data/movement-46814A23-934C-4626-AB52-B662E6EA33A1,Cael McCarthy
4.31617,0.8978172159317427,3.4987453333333334,1.58872555843881,2.759128941956817,179.3774655802674,0.02,1.6423526165668092,1.1359,5.23177,False,2026-06-25T18:38:29.364Z,3984.848,4963,movement data/movement-46814A23-934C-4626-AB52-B662E6EA33A1,Cael McCarthy
11.325,1.8494244932250714,6.3347826666666665,4.343731856716429,5.568753596241562,661.7608612745354,0.09,2.8548258951663628,0.9962400000000001,16.01125,True,2026-06-25T18:38:31.822Z,3987.306,5210,movement data/movement-46814A23-934C-4626-AB52-B662E6EA33A1,Cael McCarthy
4.19424,0.916116184886461,3.4789643750000003,2.0230185998341974,2.5338786383802985,249.75634763989436,0.059,1.6342233012106009,0.20875,7.43407,False,2026-06-25T18:38:32.589Z,3988.072,5287,movement data/movement-46814A23-934C-4626-AB52-B662E6EA33A1,Cael McCarthy
14.36343,1.8737192019911555,6.042273125,6.00467342548678,5.164029023255485,1428.0518494042851,0.049,6.9284762750560205,0.92692,18.061510000000002,False,2026-06-25T18:41:39.717Z,4175.2,5369,movement data/movement-46814A23-934C-4626-AB52-B662E6EA33A1,Cael McCarthy
7.11627,1.4405448895939783,6.629989375000001,3.876943426207057,4.621929319118261,575.1303959836392,0.02,2.93139385376434,0.8425800000000001,8.5849,True,2026-06-25T18:41:41.359Z,4176.842,5534,movement data/movement-46814A23-934C-4626-AB52-B662E6EA33A1,Cael McCarthy
4.78765,1.1182576000615005,4.661661874999999,1.7652046578995082,3.298842233878236,363.55726078294737,0.0,1.856737577045502,1.65243,14.41147,False,2026-06-25T18:41:42.244Z,4177.727,5623,movement data/movement-46814A23-934C-4626-AB52-B662E6EA33A1,Cael McCarthy
22.48788,2.910247170467022,8.448453333333335,8.463088872984816,8.186362009365332,2099.906356954172,0.05,10.790329309844456,1.01684,18.3381,True,2026-06-25T18:41:43.945Z,4179.428,5794,movement data/movement-46814A23-934C-4626-AB52-B662E6EA33A1,Cael McCarthy
16.61447,2.3950722220530833,6.141508666666667,6.11916236848907,5.769860136890669,1554.5622897729124,0.05,6.486577619679642,1.02522,14.81613,True,2026-06-25T18:50:13.683Z,4689.167,5982,movement data/movement-46814A23-934C-4626-AB52-B662E6EA33A1,Cael McCarthy
8.14993,1.3260013088616585,6.815844666666666,3.4355798542829907,4.837168132245698,596.436063494655,0.02,1.9731081663875487,0.8129799999999999,7.121230000000001,False,2026-06-25T18:50:15.305Z,4690.788,6145,movement data/movement-46814A23-934C-4626-AB52-B662E6EA33A1,Cael McCarthy
4.42785,0.927345265519913,4.668813999999999,1.1164450042782577,3.1054036876279603,55631.38682434592,0.0,1.186843907688475,1.71463,12.44925,False,2026-06-25T18:50:16.181Z,4691.664,6233,movement data/movement-46814A23-934C-4626-AB52-B662E6EA33A1,Cael McCarthy
14.43831,2.827340020249033,8.852886666666667,9.056860524094208,7.849263828621977,1191.3618370222373,0.036,6.079152586283883,1.00521,12.2434,True,2026-06-25T18:50:17.892Z,4693.376,6405,movement data/movement-46814A23-934C-4626-AB52-B662E6EA33A1,Cael McCarthy
5.85554,1.0682620760614359,3.398794375,0.996957717394674,2.9565292675004367,228.1339244699982,0.027,2.282375155116081,1.20444,4.94001,True,2026-06-25T18:50:19.883Z,4695.366,6605,movement data/movement-46814A23-934C-4626-AB52-B662E6EA33A1,Cael McCarthy
5.85554,1.092655325679087,3.398794375,0.996957717394674,2.9565292675004367,228.1339244699982,0.027,2.282375155116081,0.63122,4.94001,True,2026-06-25T18:50:20.308Z,4695.791,6648,movement data/movement-46814A23-934C-4626-AB52-B662E6EA33A1,Cael McCarthy
9.00539,1.6360763579395894,6.163807333333334,3.516710476527241,4.654593164211025,387.1026187175695,0.09,3.2210738448397263,0.6828100000000001,6.61609,True,2026-06-25T18:50:22.092Z,4697.576,6827,movement data/movement-46814A23-934C-4626-AB52-B662E6EA33A1,Cael McCarthy
5.45127,1.0614706084933372,4.416558,2.316564754434782,3.11333095934028,476.1054575537861,0.02,2.290024762668025,0.4791700000000001,11.56931,False,2026-06-25T18:50:23.366Z,4698.849,6955,movement data/movement-46814A23-934C-4626-AB52-B662E6EA33A1,Cael McCarthy
6.48397,1.2251011466543429,3.657955625,1.8255030565861612,3.007917976305205,510.10719941504624,0.029,3.3038545976306324,0.31889999999999996,7.16911,False,2026-06-22T20:12:27.963Z,3934.276,16,movement data/movement-8DA72F42-34F3-4328-82C3-75C3AA8EF2CC,Piper Arnold
5.21898,1.2258108815967457,4.97270375,2.8430452219421647,3.737403234275772,462.0211165758552,0.05,2.2766449260225614,0.4517500000000001,6.94951,False,2026-06-22T20:12:28.911Z,3935.224,111,movement data/movement-8DA72F42-34F3-4328-82C3-75C3AA8EF2CC,Piper Arnold
5.25827,1.097696571907756,4.720592666666667,2.580518333439635,3.4026266606941564,288.1859221359631,0.01,1.7049716859604034,0.8708100000000001,6.79527,True,2026-06-22T20:12:29.799Z,3936.112,200,movement data/movement-8DA72F42-34F3-4328-82C3-75C3AA8EF2CC,Piper Arnold
4.53853,0.6917001559529438,3.639948666666667,1.0569837239195736,2.531137847930584,177.85137445631395,0.02,1.386788116718886,0.60492,5.312239999999999,False,2026-06-22T20:12:32.034Z,3938.347,424,movement data/movement-8DA72F42-34F3-4328-82C3-75C3AA8EF2CC,Piper Arnold
5.05096,0.9530275295195823,3.235052666666667,4.208205100815084,2.645830460888729,399.72080048203645,0.031,1.4224660622231071,0.5741,4.39789,False,2026-06-22T20:12:32.922Z,3939.235,513,movement data/movement-8DA72F42-34F3-4328-82C3-75C3AA8EF2CC,Piper Arnold
5.80419,1.2845235213180053,4.068758,2.7743678164288847,3.241833783124401,552.6763549302611,0.03,1.941743237810452,1.17443,6.8960300000000005,False,2026-06-22T20:12:33.790Z,3940.103,600,movement data/movement-8DA72F42-34F3-4328-82C3-75C3AA8EF2CC,Piper Arnold
8.23021,1.3638913749052128,4.7803375,4.484545296166142,4.039800092021108,557.8303834329929,0.06,2.735365234147868,0.8390200000000001,8.631070000000001,True,2026-06-22T20:12:36.274Z,3942.588,849,movement data/movement-8DA72F42-34F3-4328-82C3-75C3AA8EF2CC,Piper Arnold
5.53982,1.287632378615792,4.730562666666667,3.0860141533288887,3.6240854879155378,447.131374333342,0.06,2.1288872993333814,1.07982,6.15237,False,2026-06-22T20:12:38.090Z,3944.404,1031,movement data/movement-8DA72F42-34F3-4328-82C3-75C3AA8EF2CC,Piper Arnold
6.98351,1.2271844255883604,5.365176666666667,3.6202427125015393,4.028055908086017,581.9379434587506,0.04,3.59269069787541,1.56222,8.71054,True,2026-06-22T20:12:39.996Z,3946.31,1222,movement data/movement-8DA72F42-34F3-4328-82C3-75C3AA8EF2CC,Piper Arnold
4.60426,0.7941562645360555,2.732215,1.6965030016280451,2.108193354615906,315.4679499457516,0.02,1.406614868792703,0.2143299999999999,5.65464,False,2026-06-22T20:12:41.004Z,3947.318,1323,movement data/movement-8DA72F42-34F3-4328-82C3-75C3AA8EF2CC,Piper Arnold
7.2538,0.9949948033156287,3.164506,2.5345843704507574,2.797507182881455,872.1243954693846,0.019,3.603890326481221,0.31910000000000005,4.680210000000001,False,2026-06-22T20:12:41.783Z,3948.096,1401,movement data/movement-8DA72F42-34F3-4328-82C3-75C3AA8EF2CC,Piper Arnold
4.94427,0.8028227255618139,3.5616093333333327,1.586854525955372,2.637487804004662,489.6168870014595,0.02,2.17816642472512,0.7145000000000001,6.79238,False,2026-06-22T20:23:04.070Z,4570.383,1464,movement data/movement-8DA72F42-34F3-4328-82C3-75C3AA8EF2CC,Piper Arnold
5.42002,0.9875129641801175,4.14205125,2.3591326690500733,3.1014722609371344,450.97126898617387,0.02,2.0025265590627703,0.56081,5.28279,False,2026-06-22T20:23:04.748Z,4571.062,1532,movement data/movement-8DA72F42-34F3-4328-82C3-75C3AA8EF2CC,Piper Arnold
5.05898,0.9279701643704942,3.883219333333333,1.9564352430271337,2.9130461613278062,288.05395768501427,0.01,1.1229964206093102,0.9721899999999999,3.78658,False,2026-06-22T20:23:05.726Z,4572.04,1630,movement data/movement-8DA72F42-34F3-4328-82C3-75C3AA8EF2CC,Piper Arnold
7.05311,1.0300109393259322,5.0168550000000005,3.0993180349076943,3.496319434956745,506.49002164011085,0.04,2.630952227842279,0.73687,6.754020000000001,True,2026-06-22T20:23:07.852Z,4574.165,1843,movement data/movement-8DA72F42-34F3-4328-82C3-75C3AA8EF2CC,Piper Arnold
5.45256,0.7940897090313443,3.302515333333333,2.201008629281008,2.574162198978534,371.81267475571616,0.02,1.4629894795591014,1.3167900000000001,4.61711,False,2026-06-22T20:23:09.917Z,4576.231,2050,movement data/movement-8DA72F42-34F3-4328-82C3-75C3AA8EF2CC,Piper Arnold
7.37248,1.1999149581898554,4.944804375,2.9589770313694097,3.946056545092676,478.6056742400938,0.069,3.4785011491852464,0.8648900000000002,9.72371,True,2026-06-22T20:23:12.132Z,4578.446,2272,movement data/movement-8DA72F42-34F3-4328-82C3-75C3AA8EF2CC,Piper Arnold
4.59251,1.0409655627746828,3.549970666666667,2.1410349624724225,2.6810714901359867,259.4742885855938,0.04,1.1896155690433152,0.2778400000000001,7.41124,False,2026-06-22T20:23:13.260Z,4579.573,2385,movement data/movement-8DA72F42-34F3-4328-82C3-75C3AA8EF2CC,Piper Arnold
7.01303,1.4316269337395668,4.778778000000001,4.603553253430787,3.900862623170675,590.7180676058588,0.04,2.740296321658362,1.0896400000000002,5.67778,False,2026-06-22T20:23:13.889Z,4580.202,2448,movement data/movement-8DA72F42-34F3-4328-82C3-75C3AA8EF2CC,Piper Arnold
7.85601,1.2886637894945967,4.421511999999999,4.12341882508615,3.518198635915829,877.7212162554806,0.05,4.17505814566846,1.7353,8.80691,True,2026-06-22T20:23:15.864Z,4582.178,2646,movement data/movement-8DA72F42-34F3-4328-82C3-75C3AA8EF2CC,Piper Arnold
4.47645,0.8667518530219306,3.7654775,2.0788941457035306,3.019653911466925,237.79688679837676,0.02,1.4895804275795534,0.14261000000000001,4.39334,False,2026-06-22T20:23:16.882Z,4583.196,2748,movement data/movement-8DA72F42-34F3-4328-82C3-75C3AA8EF2CC,Piper Arnold
7.99855,1.144842621475872,3.90522,2.4605942178211926,3.283687498567223,833.6402492256477,0.03,4.099217061001327,0.23952000000000007,5.342420000000001,False,2026-06-22T20:23:17.511Z,4583.824,2811,movement data/movement-8DA72F42-34F3-4328-82C3-75C3AA8EF2CC,Piper Arnold
7.99855,1.3360893803766962,3.90522,2.4605942178211926,3.283687498567223,833.6402492256477,0.03,4.099217061001327,0.23538000000000003,5.342420000000001,False,2026-06-22T20:23:17.870Z,4584.183,2847,movement data/movement-8DA72F42-34F3-4328-82C3-75C3AA8EF2CC,Piper Arnold
4.45784,0.7740699041614747,4.53411,2.227620149346906,3.1350855656561776,258.39945376296754,0.0,0.975403287062322,0.3871300000000001,4.89979,False,2026-06-22T20:48:56.823Z,6123.136,2918,movement data/movement-8DA72F42-34F3-4328-82C3-75C3AA8EF2CC,Piper Arnold
5.43422,0.9679343274816359,3.6141226666666655,2.6873287603758604,2.660925218562145,383.7267193850331,0.02,2.38661160106349,1.23998,5.956530000000001,False,2026-06-22T20:48:58.000Z,6124.314,3036,movement data/movement-8DA72F42-34F3-4328-82C3-75C3AA8EF2CC,Piper Arnold
16.43337,2.0056978158674568,6.624655333333334,8.109379334404062,6.0434314126093405,1923.6442776358103,0.09,8.796239118867403,0.92618,12.98356,True,2026-06-22T20:49:00.435Z,6126.748,3280,movement data/movement-8DA72F42-34F3-4328-82C3-75C3AA8EF2CC,Piper Arnold
5.21373,0.9294222308182265,6.624655333333334,3.0992347174122976,6.0434314126093405,355.5999932353768,0.03,1.460243189647298,0.40644999999999987,5.723750000000001,False,2026-06-22T20:49:01.044Z,6127.357,3341,movement data/movement-8DA72F42-34F3-4328-82C3-75C3AA8EF2CC,Piper Arnold
7.59108,1.3214869399217695,4.101109333333333,3.0224183401315683,3.425500765141743,536.983762883013,0.03,3.8225440450498978,1.03666,8.550170000000001,False,2026-06-22T20:49:02.610Z,6128.924,3498,movement data/movement-8DA72F42-34F3-4328-82C3-75C3AA8EF2CC,Piper Arnold
10.56152,1.5380340934942158,5.770506,2.794210556333597,4.719950012490245,699.1686678112801,0.07,3.777580184291173,0.72351,11.75096,True,2026-06-22T20:49:04.526Z,6130.839,3690,movement data/movement-8DA72F42-34F3-4328-82C3-75C3AA8EF2CC,Piper Arnold
8.73922,1.5400977166816525,4.764510666666666,4.208691009171513,3.7442488031504175,981.1762546386184,0.02,3.753087397900912,0.39031000000000005,9.32842,False,2026-06-22T20:49:05.733Z,6132.047,3811,movement data/movement-8DA72F42-34F3-4328-82C3-75C3AA8EF2CC,Piper Arnold
4.66573,0.9333958496582082,4.368425,2.4084130370014503,3.384674456478422,243.8850856961122,0.0,1.4983573221315845,0.4660500000000001,4.8061,False,2026-06-22T20:58:11.892Z,6678.206,3936,movement data/movement-8DA72F42-34F3-4328-82C3-75C3AA8EF2CC,Piper Arnold
10.80114,1.5025905972273221,4.677722,6.133404039417183,4.199936702919858,650.9275438526165,0.02,3.5152412320023925,1.2225400000000002,6.39271,False,2026-06-22T20:58:13.010Z,6679.323,4048,movement data/movement-8DA72F42-34F3-4328-82C3-75C3AA8EF2CC,Piper Arnold
11.25018,1.5943971094209688,6.1240033333333335,4.564608244803771,5.072748305962624,1418.300449578297,0.069,5.432665201406629,0.5779099999999999,11.2652,True,2026-06-22T20:58:15.475Z,6681.788,4295,movement data/movement-8DA72F42-34F3-4328-82C3-75C3AA8EF2CC,Piper Arnold
4.34959,0.704338299824174,6.1240033333333335,1.4344138608944823,5.072748305962624,265.04730520940115,0.02,1.5232879517309357,0.46843,5.29006,False,2026-06-22T20:58:16.073Z,6682.387,4355,movement data/movement-8DA72F42-34F3-4328-82C3-75C3AA8EF2CC,Piper Arnold
7.95979,1.7318871673538294,5.161587333333333,4.658725566470389,3.91971436188574,867.837889348005,0.06,3.3132562037228475,0.95388,6.2287,False,2026-06-22T20:58:17.141Z,6683.454,4462,movement data/movement-8DA72F42-34F3-4328-82C3-75C3AA8EF2CC,Piper Arnold
10.85828,1.7036841913973457,6.654889999999999,5.1173377778507385,5.132495721073066,713.6047179118143,0.07,4.380307284133344,0.75508,11.08937,True,2026-06-22T20:58:19.436Z,6685.749,4692,movement data/movement-8DA72F42-34F3-4328-82C3-75C3AA8EF2CC,Piper Arnold
8.05974,1.4893917627395092,4.795370666666667,2.581606502105709,3.631917206860127,793.2723622432587,0.03,3.884884854281972,0.2973,6.71697,False,2026-06-22T20:58:20.963Z,6687.276,4845,movement data/movement-8DA72F42-34F3-4328-82C3-75C3AA8EF2CC,Piper Arnold
8.74517,1.4910168249334812,4.589259333333333,2.8995237498811486,3.709585565737095,1004.0683669302604,0.02,4.456742821222265,0.47014999999999996,8.91488,False,2026-06-25T18:25:43.266Z,452.353,39,movement data/movement-C124D664-D789-4B21-8575-31CACF750521,Piper Arnold
5.24582,1.1348718963298574,4.181354,2.6654364918817204,3.512723324850203,266.22712467740774,0.02,2.5275877602994914,0.67283,4.89323,True,2026-06-25T18:25:44.094Z,453.181,122,movement data/movement-C124D664-D789-4B21-8575-31CACF750521,Piper Arnold
4.86408,1.1501403591877624,4.915754666666667,3.612507944310163,3.6589860044525992,391.25404612604336,0.03,1.6787156613145429,0.87658,4.99041,False,2026-06-25T18:25:44.942Z,454.029,207,movement data/movement-C124D664-D789-4B21-8575-31CACF750521,Piper Arnold
5.58253,0.8264046518936623,3.618815333333333,2.9823881515253903,2.876064666015005,532.2080342027917,0.02,2.319909397357134,1.14442,5.79293,True,2026-06-25T18:25:47.137Z,456.224,427,movement data/movement-C124D664-D789-4B21-8575-31CACF750521,Piper Arnold
4.50313,0.9339790026438729,3.564790625,2.172597231890014,2.747011161762908,288.9969370443224,0.02,1.399096723863039,0.2753000000000001,4.9966,False,2026-06-25T18:25:47.935Z,457.022,507,movement data/movement-C124D664-D789-4B21-8575-31CACF750521,Piper Arnold
5.95763,1.200728217251861,3.564790625,3.334207820726427,2.747011161762908,331.4483600985227,0.02,1.472369503041557,0.2866700000000001,4.9966,True,2026-06-25T18:25:48.274Z,457.362,541,movement data/movement-C124D664-D789-4B21-8575-31CACF750521,Piper Arnold
5.95763,1.2829817316984526,3.367794375,3.334207820726427,2.878301918622622,459.7085823660463,0.02,2.188802103542077,0.8102500000000001,4.30685,True,2026-06-25T18:25:48.704Z,457.791,584,movement data/movement-C124D664-D789-4B21-8575-31CACF750521,Piper Arnold
7.96281,1.1289973755771705,4.50880625,2.5535405864197247,3.6129160826779994,781.2977571438432,0.04,3.777886868415927,0.71957,10.95007,True,2026-06-25T18:25:51.308Z,460.395,845,movement data/movement-C124D664-D789-4B21-8575-31CACF750521,Piper Arnold
9.57498,1.4174397793031948,5.070024666666667,4.159210788588483,4.359851705479595,885.557849558119,0.03,3.086962640946452,0.51697,8.81486,False,2026-06-25T18:25:51.986Z,461.073,913,movement data/movement-C124D664-D789-4B21-8575-31CACF750521,Piper Arnold
9.57498,1.4155837131298015,5.235626666666666,4.159210788588483,4.41675248952893,885.557849558119,0.03,3.086962640946452,0.24269999999999992,8.81486,False,2026-06-25T18:25:52.405Z,461.492,955,movement data/movement-C124D664-D789-4B21-8575-31CACF750521,Piper Arnold
7.41949,1.712900008032714,5.061338666666667,3.904518559739202,3.8552276943824384,880.7126287149515,0.03,4.091097944713662,0.44345,7.925520000000001,False,2026-06-25T18:36:29.550Z,1098.638,1040,movement data/movement-C124D664-D789-4B21-8575-31CACF750521,Piper Arnold
5.03078,1.1275561673780587,3.8908826666666663,2.434383212501148,3.1899287894298416,283.9139071950605,0.0,2.2266748890799257,0.3853199999999999,4.32436,False,2026-06-25T18:36:30.468Z,1099.555,1132,movement data/movement-C124D664-D789-4B21-8575-31CACF750521,Piper Arnold
5.56533,1.0309802667080903,4.432362666666666,3.2157698785302924,3.343804805599952,345.35494942594926,0.01,1.3683516264925843,0.8774500000000001,4.55694,True,2026-06-25T18:36:31.337Z,1100.424,1219,movement data/movement-C124D664-D789-4B21-8575-31CACF750521,Piper Arnold
9.95901,1.7105255078407922,6.710660625,5.863355546620106,5.101514657544732,1466.2613346320632,0.059,6.075333181145204,1.2436800000000001,7.8365100000000005,True,2026-06-25T18:36:33.532Z,1102.619,1439,movement data/movement-C124D664-D789-4B21-8575-31CACF750521,Piper Arnold
4.49914,0.8688319747730054,3.88538125,1.9980994908351817,2.6374239935932278,358.4673767764648,0.01,1.6214285824431047,0.22978999999999994,4.56004,False,2026-06-25T18:36:34.569Z,1103.656,1543,movement data/movement-C124D664-D789-4B21-8575-31CACF750521,Piper Arnold
6.53831,1.0724451759699642,3.39751875,3.496297963574358,3.0301749095607087,505.2285752350118,0.02,2.3274354664217944,1.25741,5.18934,True,2026-06-25T18:36:35.288Z,1104.375,1615,movement data/movement-C124D664-D789-4B21-8575-31CACF750521,Piper Arnold
6.51205,1.058023367480816,4.950881333333333,2.391183476926785,3.448311706086521,524.5334878870938,0.09,2.4654131445524192,1.1047099999999999,11.63052,True,2026-06-25T18:36:37.712Z,1106.799,1858,movement data/movement-C124D664-D789-4B21-8575-31CACF750521,Piper Arnold
6.51205,1.0606850437834694,4.950881333333333,2.391183476926785,3.448311706086521,524.5334878870938,0.09,2.4654131445524192,0.92414,11.14448,True,2026-06-25T18:36:38.141Z,1107.228,1901,movement data/movement-C124D664-D789-4B21-8575-31CACF750521,Piper Arnold
5.81451,0.8086451306132835,3.2300633333333337,2.510982908969394,2.476891313021224,509.9340658163563,0.02,2.1948051298753097,0.25827999999999984,4.02522,False,2026-06-25T18:36:38.930Z,1108.017,1980,movement data/movement-C124D664-D789-4B21-8575-31CACF750521,Piper Arnold
9.14093,1.5253579243982427,4.934732,3.990531248537216,3.8913201742459247,867.8922237178991,0.04,3.7881430896249455,0.6239699999999999,8.22449,True,2026-06-25T18:48:12.544Z,1801.631,2097,movement data/movement-C124D664-D789-4B21-8575-31CACF750521,Piper Arnold
9.14093,1.2230905872935007,4.934732,3.990531248537216,3.8913201742459247,867.8922237178991,0.0,3.4016611157225656,0.4673400000000001,4.63566,True,2026-06-25T18:48:12.993Z,1802.08,2142,movement data/movement-C124D664-D789-4B21-8575-31CACF750521,Piper Arnold
5.00479,0.9383178206630952,4.462281333333333,2.506578745179594,3.27759165689179,263.3013080920792,0.01,1.191494589883197,0.7600800000000001,4.44143,False,2026-06-25T18:48:13.981Z,1803.068,2241,movement data/movement-C124D664-D789-4B21-8575-31CACF750521,Piper Arnold
7.04116,1.133890905012034,4.315209333333333,3.957387026369037,3.5799509186486524,671.022849319604,0.03,3.890389085783237,1.0913,8.65344,True,2026-06-25T18:48:16.156Z,1805.243,2459,movement data/movement-C124D664-D789-4B21-8575-31CACF750521,Piper Arnold
4.51682,0.9110213822953045,3.60571,2.949263421953588,2.7263436979454125,285.6536323889476,0.019,1.2274502542017636,0.23234999999999995,4.85092,False,2026-06-25T18:48:16.944Z,1806.031,2538,movement data/movement-C124D664-D789-4B21-8575-31CACF750521,Piper Arnold
5.89868,1.0171800301900766,3.575311875,3.497785429492603,2.790722883096779,561.1494701461568,0.02,2.344500935883518,1.3328,3.81081,True,2026-06-25T18:48:18.091Z,1807.179,2653,movement data/movement-C124D664-D789-4B21-8575-31CACF750521,Piper Arnold
6.05427,1.1740910347039946,4.453076666666666,3.823186627302506,3.403524609840021,432.4978920954413,0.06,2.3465559259371536,0.8868400000000001,9.11116,True,2026-06-25T18:48:20.606Z,1809.693,2905,movement data/movement-C124D664-D789-4B21-8575-31CACF750521,Piper Arnold
8.96386,1.3358707920694342,4.882504666666666,5.527217730357008,4.224011338177649,917.781112785614,0.02,3.9408155485926337,0.17971000000000004,6.3314900000000005,False,2026-06-25T18:48:21.544Z,1810.631,2999,movement data/movement-C124D664-D789-4B21-8575-31CACF750521,Piper Arnold
6.60681,1.3443272119162564,5.003438666666667,2.308732591419344,3.725096286430728,640.7954786638245,0.04,2.8932560841602504,0.57762,7.24722,False,2026-06-25T19:00:59.083Z,2568.17,3137,movement data/movement-C124D664-D789-4B21-8575-31CACF750521,Piper Arnold
5.53361,1.1589304062665067,4.597158125,2.4602089305364365,3.374410503948245,390.9989474167418,0.02,2.29938853167814,0.22045000000000003,6.11524,False,2026-06-25T19:00:59.872Z,2568.959,3216,movement data/movement-C124D664-D789-4B21-8575-31CACF750521,Piper Arnold
5.73951,1.0507166387456282,4.582968125,2.7994201095259457,3.361280436293958,350.30757587582946,0.01,1.6539439334793915,0.6853400000000001,5.78695,True,2026-06-25T19:01:00.540Z,2569.627,3283,movement data/movement-C124D664-D789-4B21-8575-31CACF750521,Piper Arnold
6.88668,1.1649678049933012,5.101352,3.0912512911444088,3.8719657570636303,569.3799162387096,0.04,3.981577158416501,0.51706,8.14863,True,2026-06-25T19:01:02.795Z,2571.882,3509,movement data/movement-C124D664-D789-4B21-8575-31CACF750521,Piper Arnold
5.30392,1.0569285769505679,3.828335,3.2889260937084406,3.093762515087818,311.9247370392415,0.019,1.331998545083274,0.25276999999999994,4.09073,False,2026-06-25T19:01:03.473Z,2572.561,3577,movement data/movement-C124D664-D789-4B21-8575-31CACF750521,Piper Arnold
4.02582,0.8202306833818217,3.3614106666666665,2.048906401563084,2.3013301873105187,305.4740894298565,0.01,1.0726569833144224,0.7758799999999999,5.62641,True,2026-06-25T19:01:04.222Z,2573.309,3652,movement data/movement-C124D664-D789-4B21-8575-31CACF750521,Piper Arnold
5.72152,1.0506476780042127,4.294046,3.1252230292808107,3.129971482684786,671.7140077547884,0.04,2.884363604664298,0.82665,11.319199999999999,True,2026-06-25T19:01:06.816Z,2575.904,3912,movement data/movement-C124D664-D789-4B21-8575-31CACF750521,Piper Arnold
6.21496,1.0188906506605337,3.2726368750000003,2.8383633518250235,2.8744870863860217,373.5901262198989,0.029,1.7391832461269603,0.3024199999999999,6.130249999999999,True,2026-06-25T19:01:07.904Z,2576.991,4021,movement data/movement-C124D664-D789-4B21-8575-31CACF750521,Piper Arnold
4.95821,1.0422869177432348,4.198475333333334,2.636294231687935,3.0954182371057173,277.7474711352022,0.02,1.120067778761941,0.7482699999999999,5.53772,False,2026-06-25T19:01:08.602Z,2577.689,4091,movement data/movement-C124D664-D789-4B21-8575-31CACF750521,Piper Arnold
6.64154,1.0070877038922728,3.965397333333333,3.9186845532939,3.334665306444811,646.5373201061174,0.05,2.4548075961911286,0.9018999999999999,7.46405,True,2026-06-25T19:01:10.817Z,2579.904,4313,movement data/movement-C124D664-D789-4B21-8575-31CACF750521,Piper Arnold
5.37877,1.0580639347610146,4.500294,2.574337286980146,3.3731446728406618,489.16879349906753,0.03,1.577402790863323,0.18974000000000002,4.21809,False,2026-06-25T19:01:11.406Z,2580.493,4372,movement data/movement-C124D664-D789-4B21-8575-31CACF750521,Piper Arnold
7.69304,1.2370499269275455,4.644186666666667,3.506213166593268,3.528118965698294,994.4800360713352,0.03,4.068386579320407,0.27007000000000003,5.67701,False,2026-06-25T19:01:11.975Z,2581.062,4429,movement data/movement-C124D664-D789-4B21-8575-31CACF750521,Piper Arnold
7.6019,1.2745918638482432,3.0811273333333338,3.8888824771793504,3.061670997926895,430.9015138010077,0.05,1.1213772359709038,0.26613,4.84107,False,2026-06-25T18:06:25.254Z,1544.538,81,movement data/movement-E2B8DE2A-1E7B-47EF-BB36-58020D996058,Jeffery Brown
7.6019,1.246148175321359,3.3685806666666664,3.8888824771793504,3.061670997926895,430.9015138010077,0.05,1.1213772359709038,0.8699000000000001,4.83281,False,2026-06-25T18:06:25.652Z,1544.936,121,movement data/movement-E2B8DE2A-1E7B-47EF-BB36-58020D996058,Jeffery Brown
4.01757,0.8339901113199636,3.3685806666666664,1.718056234017616,2.8138799396799667,164.57304318136465,0.019,1.351491964321318,0.79952,5.39351,False,2026-06-25T18:06:26.210Z,1545.494,177,movement data/movement-E2B8DE2A-1E7B-47EF-BB36-58020D996058,Jeffery Brown
14.51288,2.257346116067439,5.15076875,6.2260335985781765,5.230905059249944,756.0491997125584,0.03,5.334544600542677,0.57076,12.464929999999999,True,2026-06-25T18:06:28.004Z,1547.287,357,movement data/movement-E2B8DE2A-1E7B-47EF-BB36-58020D996058,Jeffery Brown
10.37338,1.9697534343165546,5.0960366666666665,6.2260335985781765,4.397920249568728,756.0491997125584,0.03,3.321195902865768,0.45018,12.464929999999999,False,2026-06-25T18:06:28.871Z,1548.154,444,movement data/movement-E2B8DE2A-1E7B-47EF-BB36-58020D996058,Jeffery Brown
4.63642,1.0802457869091233,4.150982666666667,2.660875722820871,3.921377299738788,257.81784050031706,0.0,2.3778517582932537,1.24947,4.34961,False,2026-06-25T18:06:29.688Z,1548.972,526,movement data/movement-E2B8DE2A-1E7B-47EF-BB36-58020D996058,Jeffery Brown
16.97987,2.554241460443971,9.180395333333337,7.0048531590787615,7.667598868671122,1077.7648414626449,0.07,7.8139648853766674,0.7423899999999999,11.34864,True,2026-06-25T18:06:32.298Z,1551.582,788,movement data/movement-E2B8DE2A-1E7B-47EF-BB36-58020D996058,Jeffery Brown
7.72105,1.6304874671278131,4.553774,4.082607417566448,3.75562225567748,479.6141978471272,0.04,2.26605554600825,0.33026,7.26451,False,2026-06-25T18:06:33.295Z,1552.578,888,movement data/movement-E2B8DE2A-1E7B-47EF-BB36-58020D996058,Jeffery Brown
4.52974,0.8597363972882378,3.2430173333333334,2.3635679578489506,2.7350279677229383,197.42031301261784,0.0,1.732639884805421,0.8873,2.5268100000000002,False,2026-06-25T18:06:34.261Z,1553.545,985,movement data/movement-E2B8DE2A-1E7B-47EF-BB36-58020D996058,Jeffery Brown
5.89918,0.8504933380728021,2.930420625,2.4384606905896526,2.458842307552988,449.11493585800935,0.03,2.201534673841913,0.23663999999999996,5.61683,False,2026-06-25T18:06:36.215Z,1555.499,1181,movement data/movement-E2B8DE2A-1E7B-47EF-BB36-58020D996058,Jeffery Brown
11.17017,1.6479690744152722,4.488029375,7.948053401059298,4.525810688030746,976.8894715737318,0.031,2.1348924884969964,0.44474000000000014,9.27904,False,2026-06-25T18:06:37.131Z,1556.415,1273,movement data/movement-E2B8DE2A-1E7B-47EF-BB36-58020D996058,Jeffery Brown
13.31601,2.4463940824148778,5.567694,6.235570565614856,5.553460453036467,805.4858585729485,0.03,4.3787720018384,0.46734,14.42916,True,2026-06-25T18:06:37.679Z,1556.963,1328,movement data/movement-E2B8DE2A-1E7B-47EF-BB36-58020D996058,Jeffery Brown
6.1105,1.120612268563157,3.45370375,3.2481727381214816,2.967792736388864,385.9407087416407,0.02,1.969125005730328,0.32887,6.40212,False,2026-06-25T18:19:52.831Z,2352.115,1451,movement data/movement-E2B8DE2A-1E7B-47EF-BB36-58020D996058,Jeffery Brown
5.07861,0.9264409373299477,2.9668,2.489243766729435,2.3821277353896244,304.15461869582055,0.01,1.3398208704149326,0.91404,4.68633,False,2026-06-25T18:19:53.518Z,2352.802,1520,movement data/movement-E2B8DE2A-1E7B-47EF-BB36-58020D996058,Jeffery Brown
4.01661,0.8130372160474562,2.9668,1.3488314557331775,2.3821277353896244,221.90164367575107,0.01,0.9646449487896864,0.9187299999999999,5.24906,False,2026-06-25T18:19:54.146Z,2353.43,1583,movement data/movement-E2B8DE2A-1E7B-47EF-BB36-58020D996058,Jeffery Brown
9.13898,1.7370085713438093,5.14093,4.501539982102457,4.424267043001209,680.1975366068301,0.06,1.911934105405825,0.69137,17.33012,True,2026-06-25T18:19:57.066Z,2356.35,1876,movement data/movement-E2B8DE2A-1E7B-47EF-BB36-58020D996058,Jeffery Brown
5.05457,1.1680033669591627,5.0046662500000005,2.3085194294117546,3.6592951784454,347.8643945361468,0.011,1.7767204481326648,0.37221,8.12597,False,2026-06-25T18:19:57.863Z,2357.147,1956,movement data/movement-E2B8DE2A-1E7B-47EF-BB36-58020D996058,Jeffery Brown
11.01588,1.830585309290787,6.011386,3.1658822457050904,5.100213236209509,1298.4680145606203,0.05,5.16149326105098,1.2664,15.43304,True,2026-06-25T18:19:59.955Z,2359.239,2166,movement data/movement-E2B8DE2A-1E7B-47EF-BB36-58020D996058,Jeffery Brown
6.99033,1.221720626974413,4.126695,3.1658822457050904,3.5272561814730725,772.3869041697949,0.02,3.958558801133925,0.24644999999999997,7.37384,False,2026-06-25T18:20:00.782Z,2360.066,2249,movement data/movement-E2B8DE2A-1E7B-47EF-BB36-58020D996058,Jeffery Brown
8.80462,1.4607014707667811,4.115040666666667,4.385402912830767,3.940358637751984,505.7496449064497,0.02,1.7027936786637978,1.12149,6.01722,False,2026-06-25T18:20:01.729Z,2361.013,2344,movement data/movement-E2B8DE2A-1E7B-47EF-BB36-58020D996058,Jeffery Brown
6.05122,1.1365648473811403,4.115040666666667,3.6734190793937938,3.940358637751984,318.2640692271121,0.02,1.9983495031975944,0.7187800000000001,6.22866,False,2026-06-25T18:20:02.297Z,2361.581,2401,movement data/movement-E2B8DE2A-1E7B-47EF-BB36-58020D996058,Jeffery Brown
5.80413,0.940836476116528,3.051284666666666,1.465840770296301,2.683423829243156,257.11304059887743,0.02,1.9983495031975944,0.8431400000000001,6.63511,False,2026-06-25T18:20:02.616Z,2361.9,2433,movement data/movement-E2B8DE2A-1E7B-47EF-BB36-58020D996058,Jeffery Brown
12.07348,1.9199562857535777,6.183514,7.20443885543133,5.469515095973926,1611.7463961714343,0.039,6.885109437215806,0.40093999999999996,21.21377,True,2026-06-25T18:20:04.190Z,2363.474,2591,movement data/movement-E2B8DE2A-1E7B-47EF-BB36-58020D996058,Jeffery Brown
12.07348,1.9913505961454583,6.183514,7.20443885543133,5.469515095973926,1611.7463961714343,0.039,6.885109437215806,0.73435,21.21377,True,2026-06-25T18:20:04.599Z,2363.882,2632,movement data/movement-E2B8DE2A-1E7B-47EF-BB36-58020D996058,Jeffery Brown
5.31933,1.0598434136325503,3.1865046666666665,2.95998948889076,2.700993008365627,377.75098566780736,0.02,1.5194393497548526,0.6147400000000001,10.16244,False,2026-06-25T18:20:04.987Z,2364.271,2671,movement data/movement-E2B8DE2A-1E7B-47EF-BB36-58020D996058,Jeffery Brown
10.51527,1.7373205086565555,4.833331333333333,4.072676067191011,4.764137993618572,574.6880496799981,0.03,2.0671439411268917,0.5188,13.34575,False,2026-06-25T18:20:06.203Z,2365.487,2793,movement data/movement-E2B8DE2A-1E7B-47EF-BB36-58020D996058,Jeffery Brown
4.69597,0.7580254469366898,2.265004,2.5193090528604976,2.1030422275519496,286.7938895269563,0.01,0.8913721857683258,0.07887,2.6489000000000003,False,2026-06-25T18:29:24.701Z,2923.985,2893,movement data/movement-E2B8DE2A-1E7B-47EF-BB36-58020D996058,Jeffery Brown
6.0573,1.1433290229147637,3.3156480000000004,3.276928839332219,2.6845575960208663,372.1924144995435,0.04,1.6337738233527728,0.8395,4.49579,False,2026-06-25T18:29:25.458Z,2924.742,2969,movement data/movement-E2B8DE2A-1E7B-47EF-BB36-58020D996058,Jeffery Brown
4.28979,0.8634302219270013,3.3156480000000004,1.4831663108392303,2.447844438363408,177.3836616065253,0.02,1.6337738233527728,0.99951,3.2812200000000002,False,2026-06-25T18:29:26.106Z,2925.39,3034,movement data/movement-E2B8DE2A-1E7B-47EF-BB36-58020D996058,Jeffery Brown
5.49083,0.9826557397835947,4.192098666666667,1.8663231356593355,3.0696112310714527,344.4385549455809,0.05,2.232388446915106,0.54017,3.5716599999999996,False,2026-06-25T18:29:27.840Z,2927.123,3208,movement data/movement-E2B8DE2A-1E7B-47EF-BB36-58020D996058,Jeffery Brown
6.46943,1.1145054420651836,4.192098666666667,3.114208259260981,3.0696112310714527,356.0651671632596,0.05,2.232388446915106,0.75701,3.66788,False,2026-06-25T18:29:28.268Z,2927.552,3251,movement data/movement-E2B8DE2A-1E7B-47EF-BB36-58020D996058,Jeffery Brown
8.31647,1.3214255874333989,3.823629375,3.114208259260981,3.455883656457974,435.0441604722444,0.04,2.028195127387248,0.71639,4.91822,True,2026-06-25T18:29:28.936Z,2928.22,3318,movement data/movement-E2B8DE2A-1E7B-47EF-BB36-58020D996058,Jeffery Brown
7.30301,1.3865195653650686,5.084272666666667,2.297780296283661,4.067325968008957,1373306.5872557373,0.019,1.989067361843513,1.68151,6.4539100000000005,False,2026-06-25T18:29:29.533Z,2928.817,3378,movement data/movement-E2B8DE2A-1E7B-47EF-BB36-58020D996058,Jeffery Brown
17.45423,2.5127589845070446,9.598952666666666,6.252604866967508,7.88357049929493,1588.843766821647,0.03,6.403950562221751,0.76754,16.533170000000002,True,2026-06-25T18:29:32.064Z,2931.348,3632,movement data/movement-E2B8DE2A-1E7B-47EF-BB36-58020D996058,Jeffery Brown
14.04788,2.3293685847512497,7.553043333333333,7.290567574367802,5.965089883297653,1254.108600867166,0.02,4.163985027845173,1.1924,12.68335,False,2026-06-25T18:29:32.901Z,2932.185,3716,movement data/movement-E2B8DE2A-1E7B-47EF-BB36-58020D996058,Jeffery Brown
8.56585,1.6543676151396796,6.015298666666666,7.290567574367802,4.363297586336127,1158.0006130240176,0.02,2.2303432109603887,0.40911,9.32071,False,2026-06-25T18:29:33.728Z,2933.012,3799,movement data/movement-E2B8DE2A-1E7B-47EF-BB36-58020D996058,Jeffery Brown
5.64936,1.0897947715962644,4.3150031250000005,2.09106983237123,3.298553048341045,365.4497968408247,0.0,1.828313375110541,0.76207,13.58862,False,2026-06-25T18:29:34.446Z,2933.729,3871,movement data/movement-E2B8DE2A-1E7B-47EF-BB36-58020D996058,Jeffery Brown
10.02446,1.7364764220270346,4.192020666666667,5.16785467062172,3.747820211738196,1298.482360386422,0.02,3.841999259377174,0.49448000000000003,4.14743,False,2026-06-25T18:39:05.935Z,3505.219,3907,movement data/movement-E2B8DE2A-1E7B-47EF-BB36-58020D996058,Jeffery Brown
10.02446,2.018160125109634,4.456976875,6.468481212931909,4.462807683142838,1298.482360386422,0.02,3.841999259377174,0.77727,7.28294,False,2026-06-25T18:39:06.373Z,3505.657,3951,movement data/movement-E2B8DE2A-1E7B-47EF-BB36-58020D996058,Jeffery Brown
6.31433,1.092116378675264,4.600209333333334,2.937301968507564,3.8485471992601754,323.42810955450364,0.02,2.42756659233024,0.90232,5.7520500000000006,False,2026-06-25T18:39:07.310Z,3506.594,4045,movement data/movement-E2B8DE2A-1E7B-47EF-BB36-58020D996058,Jeffery Brown
7.88975,1.307575434483252,4.927471875,3.396921097800293,3.9264807437152505,677.3328276180035,0.02,3.577219885618003,0.46004,12.36597,False,2026-06-25T18:39:09.014Z,3508.298,4216,movement data/movement-E2B8DE2A-1E7B-47EF-BB36-58020D996058,Jeffery Brown
9.90225,1.747892293178788,5.264345333333334,4.564531138449004,4.370279482058328,871.3234596092499,0.04,2.4154451446958527,0.62046,7.99504,False,2026-06-25T18:39:10.010Z,3509.294,4316,movement data/movement-E2B8DE2A-1E7B-47EF-BB36-58020D996058,Jeffery Brown
10.04519,1.934451383079983,6.7398,5.566877426665834,5.295339187481761,711.9279451327922,0.02,2.785457320172141,1.20571,5.61782,True,2026-06-25T18:39:10.767Z,3510.051,4392,movement data/movement-E2B8DE2A-1E7B-47EF-BB36-58020D996058,Jeffery Brown
13.4902,1.9607541898553291,6.737834,2.445025028790058,6.298379579798283,1404.4572921788406,0.02,8.75812807786455,0.79642,17.62315,True,2026-06-25T18:39:13.209Z,3512.492,4637,movement data/movement-E2B8DE2A-1E7B-47EF-BB36-58020D996058,Jeffery Brown
9.14447,1.3779282296490776,4.353916875,4.188421131250305,3.794266662580092,398.0864113857693,0.02,2.011261178655377,0.41288000000000014,7.3745899999999995,False,2026-06-25T18:39:14.035Z,3513.319,4720,movement data/movement-E2B8DE2A-1E7B-47EF-BB36-58020D996058,Jeffery Brown
9.14447,1.528637934975201,4.353916875,4.230554934689109,3.794266662580092,398.0864113857693,0.02,2.011261178655377,0.5258099999999999,7.3745899999999995,False,2026-06-25T18:39:14.354Z,3513.638,4752,movement data/movement-E2B8DE2A-1E7B-47EF-BB36-58020D996058,Jeffery Brown
6.58152,1.4012422585636555,4.341760625,4.230554934689109,3.330395231405226,376.3060708479202,0.041,1.1485560320597,0.898,4.99146,False,2026-06-25T18:39:14.773Z,3514.057,4794,movement data/movement-E2B8DE2A-1E7B-47EF-BB36-58020D996058,Jeffery Brown
6.58152,1.3833249802809773,4.341760625,4.230554934689109,3.330395231405226,376.3060708479202,0.041,1.93956560423557,1.13658,4.99146,False,2026-06-25T18:39:15.112Z,3514.395,4828,movement data/movement-E2B8DE2A-1E7B-47EF-BB36-58020D996058,Jeffery Brown
6.1488,1.1081079735053523,4.341760625,2.1527068712217186,3.330395231405226,235.8037323411145,0.041,1.93956560423557,1.13146,3.9302900000000003,False,2026-06-25T18:39:15.510Z,3514.794,4868,movement data/movement-E2B8DE2A-1E7B-47EF-BB36-58020D996058,Jeffery Brown
12.16014,1.8012201116839488,5.594379333333333,7.0201163722020965,4.852682248140026,1060.3123318235057,0.04,3.25458504455056,0.13518000000000008,8.08651,True,2026-06-25T18:39:17.443Z,3516.727,5062,movement data/movement-E2B8DE2A-1E7B-47EF-BB36-58020D996058,Jeffery Brown
12.16014,1.8101104598998894,5.594379333333333,7.0201163722020965,4.852682248140026,1060.3123318235057,0.04,3.25458504455056,0.40261000000000013,8.08651,True,2026-06-25T18:39:17.801Z,3517.085,5098,movement data/movement-E2B8DE2A-1E7B-47EF-BB36-58020D996058,Jeffery Brown
8.54539,1.542499888380149,4.890846874999999,3.3807367684105403,4.089371499103652,590.6197822338835,0.04,2.4599197296148634,0.45716,6.216419999999999,False,2026-06-25T18:39:19.037Z,3518.321,5222,movement data/movement-E2B8DE2A-1E7B-47EF-BB36-58020D996058,Jeffery Brown
8.54539,1.57564134917585,4.890846874999999,3.3807367684105403,4.089371499103652,590.6197822338835,0.04,2.7292251804902543,0.83155,6.216419999999999,False,2026-06-25T18:39:19.396Z,3518.679,5258,movement data/movement-E2B8DE2A-1E7B-47EF-BB36-58020D996058,Jeffery Brown
6.42602,1.0528553190013326,2.54641375,2.622935674877946,2.341604546931975,250.49249228469895,0.021,0.8415848524081818,0.15525999999999995,6.13993,False,2026-06-25T18:49:30.331Z,4129.615,5375,movement data/movement-E2B8DE2A-1E7B-47EF-BB36-58020D996058,Jeffery Brown
7.28697,1.4189255512762238,3.4042546666666667,3.658117932157945,3.532329909799857,794666.1203927092,0.024,2.1969395544963284,0.67665,6.65737,False,2026-06-25T18:49:31.108Z,4130.392,5453,movement data/movement-E2B8DE2A-1E7B-47EF-BB36-58020D996058,Jeffery Brown
5.65744,1.0867172275351957,3.931741875,3.330753326010051,3.206584553611911,451.2342739664175,0.03,2.023487191481861,0.4742200000000001,6.16608,False,2026-06-25T18:49:33.549Z,4132.833,5698,movement data/movement-E2B8DE2A-1E7B-47EF-BB36-58020D996058,Jeffery Brown
13.60514,2.1032317340485833,6.091326875,6.999955465062328,5.289931196126279,870.4520289418596,0.04,3.4714647658439106,0.4607000000000001,11.59569,True,2026-06-25T18:49:34.475Z,4133.759,5791,movement data/movement-E2B8DE2A-1E7B-47EF-BB36-58020D996058,Jeffery Brown
5.33032,1.2358601511037397,4.916554375,1.8287635529758752,3.7248286919493023,404.8637936701675,0.011,1.7136057050968163,1.56517,6.56913,False,2026-06-25T18:49:35.591Z,4134.875,5903,movement data/movement-E2B8DE2A-1E7B-47EF-BB36-58020D996058,Jeffery Brown
10.5086,1.6887641717122992,7.471583999999999,3.285676413070945,5.8763693225568,1178.901741434809,0.04,6.608049444214363,0.44257000000000013,16.132460000000002,True,2026-06-25T18:49:37.773Z,4137.057,6122,movement data/movement-E2B8DE2A-1E7B-47EF-BB36-58020D996058,Jeffery Brown
5.93472,1.1632851792983048,4.113869375,2.700889567498087,3.3844693641692194,471.7368582992006,0.01,1.5044726185848625,0.32783000000000007,5.28563,False,2026-06-25T18:49:38.521Z,4137.805,6197,movement data/movement-E2B8DE2A-1E7B-47EF-BB36-58020D996058,Jeffery Brown
4.58397,0.9567575500236035,2.259354,2.515264184881957,2.039893519510271,316.5187553021148,0.01,1.1351580235635794,0.37371,3.1754,False,2026-06-25T18:49:39.198Z,4138.482,6265,movement data/movement-E2B8DE2A-1E7B-47EF-BB36-58020D996058,Jeffery Brown
8.50251,1.3813755175621718,3.955148,4.661013498637164,3.673120853534952,486.0141209491756,0.02,1.547717882797635,0.80545,3.6646,True,2026-06-25T18:49:39.706Z,4138.99,6316,movement data/movement-E2B8DE2A-1E7B-47EF-BB36-58020D996058,Jeffery Brown
5.82052,1.0391849894726384,4.162915333333333,1.8964103240830124,3.3726759182257644,459.90105068264415,0.05,2.915285982778501,0.6426400000000001,12.842379999999999,False,2026-06-25T18:49:41.549Z,4140.833,6501,movement data/movement-E2B8DE2A-1E7B-47EF-BB36-58020D996058,Jeffery Brown
5.82052,1.1933862261401584,4.460429333333334,1.8964103240830124,3.3726759182257644,459.90105068264415,0.05,2.915285982778501,0.61314,12.842379999999999,False,2026-06-25T18:49:41.918Z,4141.202,6538,movement data/movement-E2B8DE2A-1E7B-47EF-BB36-58020D996058,Jeffery Brown
6.76235,1.3690328425950131,4.460429333333334,2.758081429948388,3.3084213813297727,3243134.4635861157,0.04,1.3895198537620044,0.7548000000000001,9.21789,False,2026-06-25T18:49:42.595Z,4141.879,6606,movement data/movement-E2B8DE2A-1E7B-47EF-BB36-58020D996058,Jeffery Brown
6.36575,1.3579505976902937,4.779966,2.2633930177005497,3.8021036922989535,367.1897587937332,0.03,2.4088182423371527,0.32733999999999996,9.08807,False,2026-06-25T18:49:43.412Z,4142.696,6688,movement data/movement-E2B8DE2A-1E7B-47EF-BB36-58020D996058,Jeffery Brown
6.36575,1.3976295824368397,4.779966,2.2633930177005497,3.8021036922989535,367.1897587937332,0.02,2.417323307618962,0.9432799999999999,5.49089,False,2026-06-25T18:49:43.771Z,4143.055,6724,movement data/movement-E2B8DE2A-1E7B-47EF-BB36-58020D996058,Jeffery Brown
6.36575,1.3385818266291563,4.779966,2.2633930177005497,3.8021036922989535,367.1897587937332,0.02,2.417323307618962,1.35979,3.9225899999999996,False,2026-06-25T18:49:44.199Z,4143.483,6767,movement data/movement-E2B8DE2A-1E7B-47EF-BB36-58020D996058,Jeffery Brown
5.18541,0.8549468515571219,2.447290666666667,2.8260739550355165,2.261779868948347,304.7944476741661,0.02,0.8851414783903836,0.27871,4.5978,False,2026-06-25T18:58:07.481Z,4646.765,6848,movement data/movement-E2B8DE2A-1E7B-47EF-BB36-58020D996058,Jeffery Brown
5.59685,0.9175737016880253,3.257476666666667,1.46769829590056,2.543056714688054,225.17219000134097,0.03,1.992466840153141,0.8097399999999999,5.2348099999999995,False,2026-06-25T18:58:08.945Z,4648.229,6995,movement data/movement-E2B8DE2A-1E7B-47EF-BB36-58020D996058,Jeffery Brown
4.41654,0.8737120855065234,3.775429333333333,1.5301187336819162,2.687276005784792,301.88394190728576,0.04,1.8151241414015853,0.3474299999999999,4.69078,False,2026-06-25T18:58:10.550Z,4649.833,7156,movement data/movement-E2B8DE2A-1E7B-47EF-BB36-58020D996058,Jeffery Brown
6.91811,1.4379632697763671,4.52867375,3.1412574743862107,3.684123388104693,319.7393462087517,0.05,1.5314474303461358,0.68473,5.98396,True,2026-06-25T18:58:11.257Z,4650.541,7227,movement data/movement-E2B8DE2A-1E7B-47EF-BB36-58020D996058,Jeffery Brown
6.46625,1.3344794536069446,4.617114375,2.3106387425263475,3.7151289431164094,290.50977056091943,0.02,2.520123723452272,1.7469299999999999,5.771050000000001,False,2026-06-25T18:58:12.532Z,4651.816,7355,movement data/movement-E2B8DE2A-1E7B-47EF-BB36-58020D996058,Jeffery Brown
15.23693,2.5041375169277797,8.308526875,7.244679611732339,7.600905992452478,1371.5537461280908,0.03,9.086678245782611,0.3488500000000001,13.10782,True,2026-06-25T18:58:14.863Z,4654.147,7589,movement data/movement-E2B8DE2A-1E7B-47EF-BB36-58020D996058,Jeffery Brown
12.08949,1.4589578241643442,5.587818666666667,7.956107026489781,5.673128306937305,953.8995282748598,0.01,2.327114371786403,0.19713000000000003,7.116569999999999,False,2026-06-25T18:58:15.501Z,4654.785,7653,movement data/movement-E2B8DE2A-1E7B-47EF-BB36-58020D996058,Jeffery Brown
12.08949,1.7243106225291749,3.854188,7.956107026489781,4.140091739306429,953.8995282748598,0.01,2.327114371786403,0.31420000000000003,7.116569999999999,False,2026-06-25T18:58:15.929Z,4655.213,7696,movement data/movement-E2B8DE2A-1E7B-47EF-BB36-58020D996058,Jeffery Brown
10.50129,1.503826945461103,4.610334375,3.8552337597696704,4.357618881132218,470.3948670043073,0.03,2.936311829990564,0.67228,8.578990000000001,False,2026-06-25T18:58:19.028Z,4658.311,8007,movement data/movement-E2B8DE2A-1E7B-47EF-BB36-58020D996058,Jeffery Brown
6.91293,1.3882409022655218,4.0433406666666665,3.287188686777729,3.227073306155285,501.7740867312699,0.04,2.2440707018088206,0.4871000000000001,5.8838,False,2026-06-25T18:58:20.074Z,4659.358,8112,movement data/movement-E2B8DE2A-1E7B-47EF-BB36-58020D996058,Jeffery Brown
10.79514,1.6505965710122226,4.444964,4.751272443669262,4.335782960181472,597.6281920600801,0.03,2.2440707018088206,1.24415,5.77725,True,2026-06-25T18:58:20.791Z,4660.075,8184,movement data/movement-E2B8DE2A-1E7B-47EF-BB36-58020D996058,Jeffery Brown
